id,prediction
0,22188.899600942153
1,23367.454916295374
2,27490.079112676536
3,18801.917931741093
4,19593.400056396546
5,18031.09098420284
6,21208.146309273612
7,59968.80198124012
8,24185.379543149982
9,16498.17265621482
10,27141.381242391784
11,15873.996545040938
12,17384.67712518608
13,19795.551051156795
14,30733.659406167513
15,16479.59722805977
16,17431.207430806928
17,16300.382440547588
18,17835.148237433918
19,18966.13414176823
20,30635.270003121397
21,22828.929404224466
22,21470.828848490753
23,18280.68691065792
24,24210.71058913506
25,23346.960722889926
26,37889.57797540881
27,18334.78733731992
28,20562.72593267743
29,26141.39701321407
30,28379.419781854536
31,24322.896157069186
32,24784.574511449875
33,20928.01305322212
34,16117.701568724
35,17871.302076644733
36,28589.004401496826
37,32649.232444985686
38,16573.350262486558
39,24275.326645589037
40,19065.298257214712
41,17823.993763376457
42,16717.269851173598
43,32005.13045280696
44,42419.506101628445
45,15882.077361172524
46,26008.92295692713
47,16685.624821040034
48,17597.16214980302
49,17255.56242926289
50,16786.021599860625
51,29308.14676790607
52,25717.477904537052
53,32035.82302300118
54,41510.489548090656
55,24767.307507825477
56,45376.718515265005
57,19016.574248867724
58,27633.033977695566
59,23016.539997702414
60,33799.93675157169
61,30335.63230214691
62,31542.171282419262
63,21299.52192025829
64,17470.010100418767
65,17890.868592464907
66,19114.738885523842
67,24825.47523072743
68,29851.887403651417
69,27278.82429907687
70,17391.01559213602
71,21490.340527039287
72,37138.63670728137
73,24289.906086190025
74,30828.038244007992
75,34039.22943545847
76,35417.76470469003
77,17963.346061799017
78,16517.64712685524
79,37171.237771920365
80,18620.229652229864
81,16828.120671077475
82,16349.316549026687
83,23074.129613505786
84,20214.12030869961
85,28082.26484269712
86,19189.393601832107
87,16535.9770820082
88,16094.039754537569
89,18502.447772868756
90,19076.50804621414
91,30904.55352672643
92,15938.369495482279
93,25518.169130273473
94,27718.038669102127
95,40902.84064487619
96,28118.217923734835
97,17963.251146940787
98,22792.087144896028
99,17536.419318297812
100,17544.664978037574
101,19625.352693696947
102,42815.53655316437
103,33448.40736018095
104,22128.668286584867
105,18927.056058975315
106,24095.006342349978
107,37808.68635223874
108,23040.210827656654
109,52626.80526020152
110,30746.114095094516
111,18265.7939624507
112,28401.33609167042
113,19791.308358660393
114,24056.56610375692
115,17182.69065086474
116,19724.890152920092
117,16268.440815528236
118,18649.289272232534
119,20925.353720587485
120,34667.94823755523
121,16183.092448213934
122,27917.98838509631
123,50842.39783984548
124,28377.51011898095
125,25088.225686454232
126,25341.007032137513
127,19536.6001218371
128,32082.8433187283
129,21104.73155117171
130,16313.669114029388
131,37689.83301742759
132,27722.31784928922
133,19201.214354552812
134,16667.373606159043
135,27647.162925233315
136,17638.698447153984
137,28579.186172101403
138,21274.559267122906
139,25682.536201137566
140,16592.487994060895
141,32693.221904035414
142,17287.771355523575
143,25583.625105978605
144,42581.28696559489
145,16165.821972634696
146,17091.934886145773
147,27667.293128210546
148,16796.28420724888
149,23976.54284835737
150,29001.695492013976
151,33202.57211669913
152,27479.891247276093
153,18684.39893975339
154,19444.725228759715
155,24756.85414647782
156,32332.66556711052
157,21288.41064418673
158,18204.427495685748
159,27824.421764074945
160,19623.218254943476
161,69587.19984911151
162,17686.717288181306
163,36802.613188251424
164,27339.333981286512
165,31562.001475254037
166,16646.364671005766
167,36458.45334709864
168,18808.29283243688
169,19133.267251046625
170,23045.429259908025
171,34638.524602507576
172,24534.72385024046
173,22251.020542627495
174,25608.261752404072
175,32817.938245774836
176,22691.605964954968
177,17703.775626998857
178,75427.44781379607
179,16302.345454100623
180,19008.451413364124
181,20006.144161278586
182,24944.801943681938
183,24827.440171687824
184,21889.08744277483
185,17481.360066813893
186,17582.83461421623
187,16969.951221739637
188,19585.248073967967
189,25305.18979051667
190,17148.855700626747
191,20991.900532990174
192,23862.11322868996
193,50125.33793960722
194,28733.552616377416
195,16213.16710831883
196,23067.50675150724
197,28231.716257056865
198,84416.75241409236
199,43417.5333472352
200,18707.6340236693
201,16633.332683062505
202,29707.627262253045
203,22136.27509174947
204,23498.874783512303
205,30651.26000030708
206,17418.641538185875
207,23618.35798892185
208,24203.17812217336
209,19120.36981203082
210,24864.120168361595
211,16354.439166412292
212,38055.586691420176
213,16124.04377681792
214,26549.16044928861
215,23839.7016585357
216,33883.48102967132
217,43666.274182856854
218,16952.9425246746
219,19284.000964722847
220,16467.101574728487
221,19535.241055772578
222,43201.350511654324
223,28314.521484135657
224,16302.789306991785
225,21264.644031965956
226,17566.48301920674
227,22449.467975433843
228,24313.574225863125
229,24089.309202220003
230,24542.57587015061
231,24618.10602331481
232,16857.536457685466
233,19011.956663402183
234,29148.956179488643
235,19309.175788058434
236,17188.959736561872
237,16309.509072000916
238,27995.312813311488
239,24389.93853876279
240,21668.196088967863
241,17668.958992748016
242,27983.450755396883
243,18257.32703743458
244,16733.103052521907
245,31424.596366225895
246,23279.090220792477
247,19046.742696417874
248,29982.686275371714
249,16009.693774184387
250,28833.19374086922
251,23284.835308603615
252,17540.017852442918
253,35621.804578869625
254,22180.609023554785
255,39374.435481657
256,16574.60753324077
257,19958.726582665528
258,37098.05146489641
259,26801.88043771746
260,33135.81747082619
261,23305.53529181153
262,16815.604130491545
263,24503.835955542472
264,19624.63700735877
265,20494.443074148126
266,17272.446099975456
267,18504.30216545625
268,41340.896704224426
269,36474.01310836765
270,17517.954373762914
271,19318.825486912127
272,21569.412536015
273,24881.678698116073
274,25612.676443442368
275,23437.55866893219
276,94053.7410207273
277,18716.40609941447
278,25287.721394033375
279,19452.203318587723
280,19427.076940962543
281,18796.814788187578
282,25589.124052134077
283,31140.875110050783
284,19279.529849128852
285,21235.44462965317
286,29309.445621756233
287,25365.17380731079
288,26710.970687865534
289,43837.06516852425
290,17514.710800185057
291,17308.713636814504
292,32737.9699664632
293,22016.524873153336
294,39764.15588644498
295,20860.32883264273
296,26473.471700597995
297,27380.745529793738
298,30608.844522896783
299,16158.37420637586
300,19233.506092759086
301,16081.753665060856
302,23626.278884256008
303,23400.947591715736
304,25390.687691666855
305,31207.2447210428
306,17399.248068501696
307,30940.60656594856
308,27575.98378802882
309,31567.489063132565
310,26957.06319574646
311,32244.50820750813
312,22702.37949737273
313,22361.060071322197
314,16710.88199608484
315,25822.551804350525
316,63375.334447776826
317,33536.53275194844
318,34931.431781457104
319,16062.232063237436
320,17325.427054300493
321,17183.416390523227
322,18360.721899539214
323,20879.367438540132
324,29163.047646901174
325,16538.308078236947
326,22414.50459336822
327,19487.045863981966
328,19616.54676072865
329,21124.59440331304
330,20444.58773960332
331,31096.05625668027
332,27057.14622069134
333,18972.622581102514
334,25937.4333072677
335,32562.23525058905
336,42222.5217573429
337,18977.57595535574
338,19591.824466587772
339,23387.753232150288
340,19601.89662334288
341,36798.9090111817
342,17557.26723314459
343,29141.84459222857
344,16553.492947352723
345,53210.76610008339
346,26370.09864436629
347,29806.61309475152
348,28631.726409627317
349,27262.26802186571
350,16809.40823960459
351,17835.80765430266
352,17109.879783333014
353,19005.23608314744
354,16060.062333520813
355,27915.961846473845
356,21235.03715940246
357,20509.891383072856
358,18725.362705371546
359,15923.069660915065
360,17735.09285277508
361,20825.09446925939
362,27089.366912160414
363,19325.36631296156
364,16310.69779640493
365,29886.597320983805
366,22604.529535571008
367,20338.98411299902
368,17283.447812896695
369,18318.31003020977
370,29520.0879900982
371,20116.25107894359
372,23554.558870804158
373,23808.53758788551
374,17394.87312700347
375,23450.389302569394
376,24027.208735155073
377,24194.605815808434
378,26501.201649429673
379,27260.878013381527
380,18888.409410504897
381,27758.94066081031
382,38460.77039391374
383,29519.151393826804
384,16311.159870352232
385,39197.538151247434
386,19665.218609754713
387,21742.876224099193
388,23574.9344836372
389,17825.64996682211
390,24560.36202978868
391,26647.27715517234
392,32670.04214893783
393,28432.466295744078
394,27609.000821770616
395,29645.640614231103
396,19362.077370433723
397,34662.55192243801
398,30027.487654684144
399,18007.28645999356
400,26510.750839248485
401,16242.060175552306
402,17234.223294143834
403,20329.74867509283
404,17240.06644579763
405,25631.40047376958
406,19606.191357903033
407,33957.00562978737
408,35200.29151123032
409,21634.50206207211
410,18442.758090516178
411,28957.576743593618
412,16537.31712177397
413,17725.760768057855
414,16381.60374020288
415,28450.194195571406
416,24304.939593654166
417,16967.320465025135
418,17790.66300231921
419,93742.22147139869
420,22028.6324215953
421,24520.756063073855
422,16807.76090216895
423,20459.68430758888
424,38179.531642218295
425,17307.87372569899
426,20976.77354759366
427,17718.499753227374
428,22642.360265620133
429,16334.495657514723
430,34896.474263289994
431,23152.14815244218
432,17113.178762964024
433,29038.357141424847
434,30470.513044208914
435,16975.73179713765
436,16123.407911337701
437,23956.256096514437
438,16596.198727332903
439,16351.238227588854
440,22249.001874554953
441,22651.87632137861
442,23618.89931117581
443,22576.625799954643
444,25829.91163084604
445,17974.422543794786
446,20594.682834174728
447,27335.736044865564
448,24770.048813302426
449,23739.31183138316
450,21639.439621630492
451,76963.18300202028
452,28822.621281970005
453,24502.2039758868
454,45922.03177469135
455,44112.883906107316
456,31896.999044350297
457,19438.64494755291
458,24242.713000840493
459,16242.29870660578
460,17853.614975538527
461,20686.909340049082
462,19128.696068652825
463,24376.807397715125
464,30207.982908711227
465,19676.798723606746
466,16215.787270402127
467,23222.789041752316
468,22446.926168385304
469,16582.348334086262
470,18468.257872139937
471,22688.407020434734
472,41207.97551103465
473,17718.065777357806
474,30790.6357718221
475,16247.502943129297
476,51503.975372954126
477,26714.4410612223
478,16797.89607276985
479,29406.728289743874
480,27265.17837683279
481,20315.14663559314
482,19126.64947582721
483,18071.92020071407
484,17628.339805801206
485,22553.45134441858
486,30559.504086140678
487,30844.168893587444
488,26648.641704931066
489,16793.372770907106
490,17018.67086809426
491,27764.72250004147
492,21407.126307491904
493,23138.80032985557
494,16099.978329103542
495,21241.974356815754
496,24380.796866687728
497,16741.181313743735
498,35497.205950090676
499,16653.617509754244
500,32041.97770065427
501,17271.6168632337
502,24442.882689044858
503,19024.72853676269
504,23573.365035725434
505,27198.514910741294
506,24705.625627169844
507,23106.212662147012
508,22929.844478282495
509,19803.327691000588
510,21591.437269451326
511,21491.15842464323
512,16266.576638783054
513,16326.271836328888
514,17251.493518369036
515,34582.785769344846
516,26157.69498411422
517,18433.56570530858
518,17713.516176674922
519,21330.06847711291
520,32542.78630215793
521,17240.415287229316
522,32452.618067881238
523,28027.980829512522
524,21586.247378951604
525,30579.178671997815
526,16715.58890373684
527,19832.81700733141
528,27386.97768490939
529,30090.478783144445
530,18008.935498662755
531,22401.507671447613
532,25995.3087759966
533,26023.862672396404
534,19873.2419400442
535,22646.902529963183
536,17001.54992801927
537,23701.774341113538
538,28776.546449331945
539,17777.070759066515
540,25568.093933240554
541,37547.27955536594
542,17263.890883880646
543,25709.942654241597
544,24865.978364090854
545,23597.632411733142
546,16408.664640581716
547,23718.2351728792
548,36063.333052919166
549,33155.57779528936
550,16703.858300691718
551,24074.565587129557
552,40448.70036537949
553,32187.39587556047
554,23027.437733700393
555,17355.620275610076
556,22582.307506642563
557,30277.61432391801
558,17537.605051892257
559,40119.84333604852
560,20971.299865024106
561,16485.61576185232
562,19959.61348389449
563,16691.477095486844
564,24657.058845712712
565,16547.962503705214
566,25739.544098164348
567,16637.825649440947
568,25484.01170885716
569,17730.355073468916
570,16410.11526566939
571,21292.76907575904
572,21259.804509565947
573,42382.13674196192
574,19293.379045880727
575,35835.576304313545
576,21116.441559863466
577,27077.318825203874
578,22442.11642829514
579,16838.80566279706
580,19809.25249449447
581,24243.53601152346
582,19768.131205836187
583,24357.982811594997
584,17270.266629695197
585,25678.93386352928
586,22205.236314173013
587,20175.465176584366
588,16671.649400917267
589,21681.39303253495
590,85646.98650383993
591,16163.648439586264
592,34847.03501789047
593,27048.769523841314
594,21708.522631242544
595,20444.95225907635
596,16187.386863098
597,25242.734451495646
598,22221.340106832613
599,22687.353446546942
600,18899.435411982005
601,20232.275133427833
602,29916.240943958106
603,17339.293260623064
604,16286.894119348875
605,16028.551367162061
606,19453.682237447156
607,26768.144925482382
608,28995.323124907434
609,30387.02136053197
610,28908.846514025096
611,16874.821171430565
612,20789.94949117879
613,23723.46996141062
614,25623.43342233157
615,16726.33060782792
616,29905.062139261594
617,16889.281177815625
618,20461.058641090545
619,16427.291738759523
620,22904.900555329725
621,16827.271176535807
622,18351.721684765445
623,20301.44606610291
624,27830.446893797307
625,35229.2766628022
626,17936.14419959047
627,18539.44492611737
628,17825.718635780304
629,18829.929262712907
630,16492.987855939176
631,20392.32084144009
632,27605.518969396744
633,16124.282232837639
634,18574.16324584273
635,22827.937799090072
636,17930.31256280542
637,23151.143889135135
638,17715.07983912532
639,20181.855289272098
640,26754.326126478107
641,19701.407299780734
642,24776.825148749154
643,16191.059414194171
644,29963.805953333267
645,19694.0163155107
646,16913.0261375465
647,32069.029492458198
648,17485.443236021823
649,22329.39771054181
650,23743.360094005508
651,20194.460786338077
652,24404.62294102437
653,16131.137787283214
654,24454.1162083768
655,16476.0367240109
656,20623.54066624789
657,16319.769353589616
658,17529.723167329925
659,20138.118028661105
660,16190.131860417401
661,17751.656445580316
662,19703.161808081004
663,28487.329140275637
664,19095.36842480924
665,24477.575872193236
666,17562.991966591322
667,17849.05987697491
668,19203.73512081605
669,32227.140247588584
670,23998.53514327085
671,17243.664829479883
672,25926.768677063403
673,27462.653536793037
674,17154.001235332318
675,25120.465112372112
676,20629.482469025894
677,31492.56509695284
678,40615.27135130273
679,19245.792543732234
680,20656.632162327354
681,17411.120179346886
682,26443.490112285002
683,28018.691665001134
684,16711.672409961036
685,17282.114384766544
686,19606.344945270484
687,23846.185744769828
688,24716.55660317086
689,23189.30573915265
690,35174.3071613635
691,18072.466854404902
692,25261.535599831837
693,20537.46746758074
694,23658.505063266573
695,22994.717695541574
696,19548.527159515757
697,21844.226705948437
698,16527.39323114613
699,18951.927756898654
700,21860.334311768762
701,26030.591028044546
702,22478.84614283144
703,24652.931502919782
704,18978.835940895293
705,23389.742146540237
706,30199.14859811424
707,19361.553917794117
708,28692.146278686967
709,16163.90507760606
710,30042.767667376844
711,19100.40917289408
712,19464.965334593788
713,17464.436217303584
714,27159.666514058037
715,17066.704474426053
716,28577.130607612566
717,29989.54539116945
718,26886.92626328376
719,18430.88367522785
720,43562.78035530846
721,22589.49242348233
722,28511.48529438349
723,17016.310967798563
724,23247.390545654463
725,31938.183471557215
726,16403.918379506096
727,18756.121433850603
728,20449.086412665223
729,20396.278151468396
730,44781.0110092256
731,16320.249864472271
732,24037.826625950154
733,26420.26211645171
734,24411.79758817281
735,18517.474862532134
736,24762.77315341505
737,32485.86849508364
738,25794.121432038388
739,23747.75386557784
740,17924.374653201125
741,21698.55487890184
742,25505.981105935334
743,17306.63236082894
744,22582.230961416954
745,37849.944762433006
746,17417.114674426684
747,16504.52760221274
748,21142.97716560426
749,25237.850229116113
750,22035.597570732985
751,17294.93018112712
752,19278.51433449695
753,32096.62862070911
754,23765.116303283452
755,20917.274112399213
756,20297.107136551425
757,24028.263171357867
758,22605.534278646406
759,17243.572705987113
760,37417.09788378977
761,25312.53159341489
762,24372.94985747719
763,16526.53362688657
764,23323.86455026313
765,23478.64133688601
766,16989.8887705334
767,19903.12522140495
768,31788.97193886366
769,16755.939389714273
770,19082.602322824485
771,21524.203319446286
772,29463.942122892287
773,31499.59080372044
774,18582.052883751163
775,25643.928515566015
776,24142.965534864787
777,16516.685089985764
778,37644.9572709729
779,16521.230997001607
780,26612.11481836598
781,18047.619903188635
782,20578.255529903392
783,24342.802097891545
784,23317.281335210017
785,16396.098149934925
786,39732.640469335856
787,16990.825917040376
788,16809.82075633445
789,17743.475220404394
790,17969.00999237374
791,20560.05454446924
792,19140.375119645272
793,22143.33591624179
794,60060.193296822814
795,17834.468945066317
796,33449.67778883333
797,16477.039165423175
798,19818.563219614836
799,22606.815439915303
800,39927.14733333442
801,20950.596180638782
802,20384.72201614706
803,17159.47345707252
804,25186.7107740602
805,31973.998945723393
806,23236.356778826193
807,20306.473322342612
808,19988.658402607914
809,32470.768848144533
810,39216.121441217234
811,23990.612425752784
812,28499.59891672087
813,18991.00582621167
814,23148.855503547707
815,18290.455796541337
816,25930.96977796705
817,17154.33408180707
818,17597.10059594844
819,37533.191175281354
820,18513.97762362117
821,24342.041098911424
822,16434.287228037065
823,28322.518608094102
824,17022.710349447552
825,19557.637446348966
826,17589.448044447974
827,38479.86566901772
828,17662.130247919747
829,17336.079487685216
830,22309.366105759833
831,16795.503308448908
832,18397.874688501528
833,24543.58714863031
834,30264.21744312186
835,19274.03363762253
836,27838.044451665664
837,18199.166109701273
838,16731.893626062258
839,27892.037806339322
840,19662.971065634993
841,19667.86443114526
842,22713.93531556003
843,18818.237941692725
844,22828.22946588201
845,25515.55217963509
846,22671.999930939965
847,28072.263123283705
848,35842.02400607198
849,17030.157116773767
850,18709.130386324592
851,20580.04016259774
852,20542.149089394246
853,17081.376808354406
854,27603.99566702951
855,35745.69719233969
856,25762.30582817961
857,18034.460887909056
858,24543.588512138063
859,17124.093271468093
860,18925.646865473776
861,20832.72951725312
862,39828.27378932611
863,26800.49904176612
864,16577.353331184444
865,36112.92058877343
866,26539.72568588207
867,29937.448406954172
868,41792.43083095206
869,16327.297185785568
870,17135.220804174533
871,16394.85140189746
872,30074.942622848175
873,29339.98992303602
874,20754.40815994303
875,31108.828462928563
876,17551.57704084289
877,35154.83825991362
878,39686.49129995571
879,28702.71209796473
880,23217.9620997504
881,16542.366989627102
882,25084.324505164408
883,16242.436515309646
884,18551.638013396383
885,18673.50499039794
886,20684.41348314567
887,25680.320653893832
888,27039.71581242676
889,22274.077915260095
890,30097.97390186277
891,20548.652342493377
892,16501.552433108627
893,32511.68302128059
894,17318.689392417677
895,19098.505659037048
896,17683.886617439108
897,17486.204098101298
898,25703.55664977534
899,18833.272180197404
900,20054.175228108892
901,41542.864746846935
902,33493.366116547055
903,28109.924427441245
904,31223.812697119312
905,16559.861918961516
906,22950.23430658306
907,16247.906645729097
908,18812.5220043094
909,19563.941838125524
910,36346.290929991934
911,30360.941763597417
912,16126.88359844728
913,24616.148045262064
914,17079.132683980537
915,17265.2266725446
916,25239.010747927383
917,18769.119724818083
918,20982.052280355798
919,28943.774952613116
920,23891.445839689794
921,21576.66845905157
922,17366.04495200641
923,26817.131402577117
924,25868.56772904895
925,17785.044809220963
926,24744.7344382193
927,44141.49153547998
928,22058.082309028137
929,31817.42595780151
930,17732.026153045565
931,18497.208818219573
932,41376.804179918116
933,16727.241314990923
934,28515.876472444575
935,28931.136472166603
936,16604.803485721954
937,34036.75778304585
938,33204.41681876193
939,18354.402857132478
940,20968.24750252907
941,19441.267720270123
942,27329.196747926828
943,23721.196543471407
944,16426.422190892008
945,31315.507144168572
946,18884.370454022235
947,20448.328997418947
948,18291.08912465502
949,23513.629908352326
950,16681.073023617457
951,23780.499273082674
952,37052.73364632226
953,16704.15315578828
954,20799.372892026193
955,18691.265161303865
956,16316.749981133968
957,19742.561182187597
958,38009.71876822734
959,17136.986063482083
960,23455.889074793722
961,25275.794858171936
962,30851.626986451723
963,40563.5653875059
964,25975.270246043634
965,17078.39869722241
966,35363.75293544874
967,24149.939731822968
968,83362.45823036364
969,17963.94099213879
970,26891.178366923654
971,16361.865771014045
972,25188.797227095158
973,44662.04659408027
974,16842.272783233617
975,17501.51701128417
976,16969.99829260785
977,16731.496933735005
978,25213.249195433214
979,17595.7750940755
980,67759.50637288278
981,16707.68808660011
982,18282.511785492527
983,44231.67841618255
984,31653.245618656532
985,18630.53177343671
986,19475.397930045747
987,16015.023166999685
988,20517.513604696847
989,18612.07813671138
990,23981.724698331735
991,16931.508668806746
992,29501.875955789532
993,17278.244495900402
994,18012.98987507844
995,37626.21593476614
996,16484.0468701674
997,16025.160816149151
998,26441.2869170717
999,20608.281057310498
1000,24369.945909385882
1001,35445.291224924506
1002,24411.599001984334
1003,21626.64281327113
1004,23584.702748074196
1005,26067.07595062551
1006,32108.720888454423
1007,33225.95220578888
1008,27941.744704038807
1009,17495.961663500573
1010,20256.217654465585
1011,30207.232147404247
1012,17000.006117639867
1013,26737.643454664223
1014,22167.997715216585
1015,19843.555851880843
1016,62753.62518301889
1017,23538.66093941266
1018,18408.722476984753
1019,20119.387478652377
1020,23441.556209498343
1021,17834.893844615268
1022,20967.041145528245
1023,18286.60129141791
1024,31080.242245971418
1025,16860.38439340726
1026,16932.192673998165
1027,27961.016058288154
1028,16090.65919327642
1029,39403.793191018776
1030,18167.650026188283
1031,25769.632441960875
1032,18237.060860432895
1033,16861.89817304658
1034,17892.478026462206
1035,20531.48150885379
1036,26512.51147100566
1037,17335.321837048607
1038,27740.496973006826
1039,17124.76934875037
1040,29564.176787692548
1041,25799.98199202834
1042,27155.659202037954
1043,21351.698290796736
1044,114931.0588216458
1045,18262.223647705145
1046,27461.351893296975
1047,32890.03775720921
1048,38209.72666056232
1049,28070.07781084218
1050,41421.38222205721
1051,21812.032998468476
1052,20359.34272284335
1053,24985.972765594153
1054,21502.127985310908
1055,24946.953132820363
1056,20860.180585691465
1057,26611.208126753714
1058,21202.4746045261
1059,25424.038170896107
1060,17267.38351310881
1061,22128.368875459248
1062,31861.03673580496
1063,17608.816352522324
1064,23993.887455214957
1065,53141.91725991117
1066,23514.14331165197
1067,21268.227713139528
1068,18234.129787029047
1069,18233.28887262794
1070,24054.15060199292
1071,22359.09195696288
1072,16951.420980216903
1073,24951.24105916042
1074,16573.769534981086
1075,27450.197733773268
1076,17894.878087489335
1077,19301.73784332409
1078,25773.579994173793
1079,24033.350852187752
1080,25078.667769143813
1081,33201.821450000636
1082,17273.224010455615
1083,18312.507893221824
1084,16641.030617855246
1085,17078.45710385008
1086,20969.258559381455
1087,23933.307192549768
1088,24773.051794046274
1089,17078.45710385008
1090,44058.8551059106
1091,37734.45848489462
1092,26521.533529995395
1093,16988.539632675227
1094,21762.987751403016
1095,25257.568124817408
1096,98517.55109681711
1097,21606.743459797286
1098,16366.592351541854
1099,26279.163906913756
1100,37073.957080875174
1101,41861.72025371282
1102,22618.86784337894
1103,19614.256155766303
1104,21467.684560422633
1105,40767.809727941814
1106,45618.3560022984
1107,19281.546552824642
1108,36645.30156428328
1109,23566.95463326634
1110,16472.731551725374
1111,25760.047308776644
1112,17243.64203496668
1113,18756.477616895947
1114,40912.072284939575
1115,25139.812905284318
1116,17099.20395033063
1117,17028.868358996253
1118,21783.985726862553
1119,24117.15485851819
1120,29370.31324484813
1121,30634.997576615082
1122,20888.401648014962
1123,17762.66418210754
1124,30528.287998738917
1125,20081.413907125396
1126,29255.727592311647
1127,32446.933723414786
1128,20171.693691468066
1129,18659.880952182648
1130,42818.76741099689
1131,25782.1699745097
1132,24213.669812713713
1133,24049.103705871636
1134,19449.517480078135
1135,41426.79860782263
1136,19225.956285255514
1137,56962.19613691789
1138,26886.703475984876
1139,23676.139174625754
1140,20410.63252128158
1141,16681.073023617457
1142,16999.28796899454
1143,28739.005060234627
1144,22160.873332397077
1145,35432.99086082227
1146,19555.77046321997
1147,18729.328364951747
1148,31639.047800393833
1149,49168.66717305095
1150,25717.846831596657
1151,20197.741109121846
1152,16916.962712314224
1153,17065.167138109275
1154,16748.81945951472
1155,17284.667745523326
1156,24456.41447662677
1157,17592.863580656132
1158,16853.60651025169
1159,17532.39815785081
1160,27840.751857218307
1161,26159.244691187698
1162,28580.295281343646
1163,19898.30548199962
1164,40798.46586933164
1165,19945.442698146297
1166,23764.225763250128
1167,20475.91871730524
1168,16531.10928802929
1169,17343.25715763113
1170,25143.157615189866
1171,18003.867764407125
1172,33859.7273404331
1173,137889.85285634128
1174,16329.474516648514
1175,23605.94459116746
1176,22665.141128458345
1177,29248.258562204745
1178,23289.199485735633
1179,35689.30701127758
1180,19760.98893280759
1181,98848.68429141789
1182,16483.531586968063
1183,18177.328024747196
1184,34225.643120177425
1185,18121.071742498738
1186,17452.494418541766
1187,18808.29187110194
1188,18415.624037630438
1189,35004.98151252066
1190,19018.520127151565
1191,35424.31283175277
1192,26682.061783872217
1193,19498.09075737177
1194,24322.44784769397
1195,19802.724469568893
1196,18478.845028535383
1197,17838.39508783494
1198,19155.46170851449
1199,28603.38319036155
1200,19283.77141501848
1201,27711.594702344526
1202,22044.36605903938
1203,16126.202267286604
1204,18132.26896049622
1205,23236.69585564787
1206,26279.98480462151
1207,25312.735420954894
1208,22464.956560770777
1209,33558.43471633883
1210,39804.863970898456
1211,120464.18786985001
1212,16691.92811760484
1213,23830.675920779002
1214,28836.838291794993
1215,36992.19106057309
1216,32622.954142217837
1217,32775.94480872009
1218,16530.658228575398
1219,23592.796385253412
1220,40714.18057303316
1221,18478.09489484124
1222,20844.999504865576
1223,24744.210368621538
1224,30008.724841251926
1225,41970.69860392477
1226,23818.460491726717
1227,65535.43051172633
1228,20455.187158904977
1229,31966.881578811564
1230,26696.977203975603
1231,29673.748921797207
1232,22778.198316665323
1233,18893.548492388425
1234,17221.170801080592
1235,28031.123789272446
1236,17557.49145578504
1237,16196.978195540589
1238,24041.221117713318
1239,27093.63781200187
1240,26651.257177582065
1241,23134.463975219693
1242,16548.691893815063
1243,17233.67386428509
1244,18090.466085007887
1245,24127.959841878772
1246,44651.125723221725
1247,27480.10186316012
1248,16212.314939726542
1249,26659.749458909944
1250,17751.70555202715
1251,19231.81225477742
1252,19249.116965759076
1253,25393.24503309593
1254,21922.027718785084
1255,30084.111278850934
1256,16395.92504716292
1257,23349.26242379661
1258,24241.86992173928
1259,28833.941736089357
1260,16364.249253612585
1261,18772.13942346534
1262,18898.261061749974
1263,16591.226551954314
1264,16382.067474301304
1265,18041.897769825006
1266,26961.07931173801
1267,17926.906819115164
1268,27780.524597485797
1269,24787.819653664345
1270,16411.12600720193
1271,22801.48729439556
1272,16001.671149298292
1273,27038.440690960302
1274,32515.869829146657
1275,20574.10779496703
1276,33510.82882278249
1277,16581.617655037317
1278,17073.01934004688
1279,27880.351942107292
1280,17240.418542977168
1281,35071.12991209035
1282,32168.19487386259
1283,16263.115381328287
1284,16825.261272562897
1285,18736.48718710899
1286,22724.47619125643
1287,29491.055978899843
1288,16144.98729235747
1289,28287.291321277313
1290,24934.370123465138
1291,17557.68746868025
1292,43400.583289138616
1293,23897.80666875984
1294,20984.742386748312
1295,16832.83500954407
1296,31904.048656747713
1297,16680.00586924815
1298,19384.023354631576
1299,26539.19673990337
1300,19513.72682613159
1301,83326.9892351696
1302,16557.9452149891
1303,24196.335216296462
1304,16129.415222553669
1305,17073.082515757655
1306,33234.78279324099
1307,21466.874652434835
1308,17057.49997436107
1309,18773.870802766483
1310,27570.932018271098
1311,18156.60781649416
1312,17559.388227825744
1313,17366.489290207646
1314,26105.938882841863
1315,47551.00724021962
1316,42459.78669086183
1317,16545.45238365387
1318,33595.70261183617
1319,16622.777970553827
1320,22192.222968560694
1321,28947.234941171566
1322,19304.759343991787
1323,108351.1848266413
1324,31493.836058634908
1325,24331.54355294029
1326,28085.33011751503
1327,27029.784661289475
1328,26805.919881784786
1329,28806.542757894105
1330,22007.0523015797
1331,34952.52193127382
1332,26895.11903172857
1333,16108.36400875751
1334,25202.465658755955
1335,28248.541445034865
1336,30874.040970278347
1337,25788.977677139133
1338,42800.577240269056
1339,20278.624281250184
1340,42502.48550702179
1341,48840.89565581786
1342,28874.76195914393
1343,35690.39936129841
1344,19392.764341006725
1345,22251.988810314644
1346,25053.98190082561
1347,27857.504356493042
1348,21622.98447673006
1349,25012.968425445782
1350,18834.865413633128
1351,17027.478179432914
1352,27738.609026517286
1353,16515.600519614305
1354,16528.66903145886
1355,17229.521617486498
1356,23358.47545380912
1357,36949.70093861832
1358,21221.120637033284
1359,17527.112307663618
1360,19434.261271790536
1361,30775.52157885311
1362,25078.630714597268
1363,17885.844353045457
1364,16628.222056404124
1365,26895.504485270634
1366,27269.57291628394
1367,20406.542518963757
1368,27951.32194340212
1369,18822.0778512343
1370,17797.40459555575
1371,25257.04501305884
1372,16538.68592349567
1373,26570.406070780307
1374,21627.680351162922
1375,28361.21233209069
1376,25778.441045179523
1377,41708.13886492633
1378,16722.698332069103
1379,16524.306387553912
1380,19988.87839383752
1381,33885.2711357676
1382,31120.8024629887
1383,24438.462804216753
1384,17209.226124447116
1385,31646.048208509645
1386,22094.240314645245
1387,39489.642294765246
1388,17000.790073084438
1389,25652.4922331617
1390,29835.11429447439
1391,23184.29577053069
1392,24251.13555166886
1393,28107.02185713278
1394,29926.581237377577
1395,20699.681934896293
1396,36850.806827736844
1397,17205.402991949853
1398,33351.54681152137
1399,25483.015971530047
1400,36703.093314685284
1401,27079.34349472879
1402,23847.81828591762
1403,16749.457236221217
1404,21263.25181704951
1405,17785.763997620965
1406,26307.893046880177
1407,21877.021754649326
1408,16084.03025489787
1409,26753.89746548447
1410,22345.824573135673
1411,34170.14430363925
1412,16769.765008153194
1413,21742.330589758214
1414,15945.253397837521
1415,20982.046002458777
1416,17243.559680616898
1417,37746.819427994655
1418,28760.58446868142
1419,16485.521901664284
1420,17942.341983541417
1421,16588.599538982948
1422,24106.0911696748
1423,22410.36793336167
1424,18674.19138675607
1425,26387.058364444045
1426,20064.154878449477
1427,18799.561396784688
1428,32257.048405711743
1429,21406.741900879097
1430,125166.69885141708
1431,29255.130975243424
1432,27267.06514395587
1433,29017.953375945686
1434,19401.8705631233
1435,41299.471121015216
1436,23958.155659934753
1437,55323.696846545135
1438,25711.842899843545
1439,18767.094242968204
1440,16204.537643983229
1441,19805.998474987766
1442,16641.957878096448
1443,24361.58652959436
1444,28214.99270154144
1445,16652.436398728594
1446,33662.20520494438
1447,17360.738288454984
1448,17281.644670129088
1449,27653.383232300686
1450,28608.147701285674
1451,16449.51688997008
1452,24175.650950356874
1453,17165.083464972377
1454,26548.558378722915
1455,29768.053921574967
1456,28055.646457732517
1457,26805.759945342423
1458,28298.1095616869
1459,16239.291389116559
1460,23308.04522734367
1461,18973.63160572429
1462,24272.767042822517
1463,25164.20923041207
1464,18381.80534362499
1465,52516.81546270462
1466,27736.269702300633
1467,24579.00577509154
1468,17660.162369213656
1469,24252.475560902974
1470,19271.143535815634
1471,28117.013982548022
1472,27777.64946276201
1473,19332.795673629418
1474,32418.468545769505
1475,16681.073023617457
1476,43238.79266893771
1477,18139.92434140955
1478,17129.08117309375
1479,32554.664735068967
1480,16123.321559668057
1481,21574.90277415718
1482,37713.8105883356
1483,23073.211824301485
1484,23747.027920727498
1485,16949.262103245765
1486,19115.244404155583
1487,18290.993912399972
1488,27564.336854432844
1489,22099.724179230143
1490,27884.72071000541
1491,17534.186478620497
1492,19541.64137732812
1493,20716.03226262217
1494,17551.716402479782
1495,18513.289790366616
1496,27210.865111305826
1497,20477.31013864195
1498,19509.523140214907
1499,51471.53133828752
1500,20326.481611337593
1501,16779.515376500833
1502,25844.427998534946
1503,22005.80774293576
1504,16382.69474635119
1505,17115.784988189866
1506,23401.97007150853
1507,23944.156714498495
1508,20994.90839998072
1509,26009.414362554304
1510,18899.742116245434
1511,53631.800025987955
1512,24021.877712640067
1513,54692.03547539431
1514,23332.78036227173
1515,23414.895882355264
1516,41355.961077468
1517,26405.381532454277
1518,24445.928735535643
1519,19931.625421772074
1520,24374.63807473311
1521,25396.666539955502
1522,18386.25724346959
1523,17994.75194089743
1524,18827.329758452903
1525,17863.081236704355
1526,42636.29450196676
1527,25600.0714146193
1528,25502.334537255774
1529,16476.151930277752
1530,20965.450742081557
1531,45789.10049943914
1532,17436.19791493908
1533,21108.441956796578
1534,41238.84151328676
1535,24735.59369493201
1536,15981.129395093347
1537,25819.73576226853
1538,18110.08623966042
1539,20657.556748912826
1540,16735.82661666642
1541,25393.6617258806
1542,30674.200409826473
1543,18476.10190226493
1544,18427.164920396513
1545,18341.310600956218
1546,17254.411323508604
1547,16830.338739907114
1548,17312.257930679592
1549,19166.55409609423
1550,24369.95782444567
1551,36165.304332370324
1552,25490.55582396802
1553,19220.830198913918
1554,23366.902218545278
1555,17491.40677455514
1556,28804.309924803667
1557,34898.624682744645
1558,24772.03208861048
1559,16892.250972799753
1560,18743.420435032476
1561,18229.365578742145
1562,25841.568212368158
1563,16790.52317150783
1564,95208.95837937716
1565,22567.233492160012
1566,22336.599022012637
1567,17158.67043192456
1568,17045.727609953363
1569,29180.573118705084
1570,29444.95938253416
1571,25348.069680797653
1572,25492.094589798544
1573,25642.004541500766
1574,31423.885718945556
1575,49246.51526285095
1576,16027.206190844394
1577,20023.825130463247
1578,19112.974336103824
1579,16706.276887312288
1580,26467.26815940842
1581,43796.935949231935
1582,23830.115898858825
1583,24960.166354555
1584,33201.9666086863
1585,22731.393824534785
1586,37855.30402224216
1587,29718.454215422746
1588,18247.78340539031
1589,27739.8830752041
1590,27209.564131962634
1591,25729.920377627
1592,18818.587742027565
1593,17245.905928186417
1594,28019.77376298987
1595,17159.71781648692
1596,36550.15122855316
1597,20534.46458052711
1598,24567.392220045993
1599,16707.68808660011
1600,24834.666574467705
1601,17968.813780393797
1602,16867.662923743555
1603,24789.718759096588
1604,16735.465487370493
1605,26082.587145874335
1606,16053.597830856097
1607,16278.46644723916
1608,38783.805171284504
1609,28466.324403384762
1610,25713.712497285844
1611,16565.23648836166
1612,16747.940837057475
1613,17122.673720838528
1614,18519.943003092692
1615,21826.177719949424
1616,16296.380650685467
1617,25953.56964868261
1618,22885.4611753108
1619,28010.212184245964
1620,27059.620570505977
1621,18610.846593066857
1622,21061.201974171465
1623,77265.54155667196
1624,27946.186517873448
1625,20292.899227776394
1626,18218.30862800977
1627,17868.09804702702
1628,17748.89189545235
1629,15944.604501998574
1630,17429.53001429454
1631,25237.457589947233
1632,27734.557019347325
1633,17756.35807356132
1634,22689.48101193926
1635,22316.812111715164
1636,17668.07349882831
1637,17698.400814803335
1638,16795.516919048205
1639,20063.456880108944
1640,44926.263867700174
1641,17396.416286499374
1642,18102.64361191529
1643,39354.28130570316
1644,18317.913929872142
1645,19896.18894355294
1646,17947.380396498735
1647,17415.990840009938
1648,26355.929370761107
1649,25784.63012060851
1650,18759.170141570692
1651,17661.0299509889
1652,25902.59437690967
1653,19226.680455618945
1654,16213.609722327612
1655,37377.43558202615
1656,27444.9453209235
1657,20618.885796125665
1658,22373.898728577922
1659,30766.373190047463
1660,17246.93464347772
1661,21232.93868063693
1662,17264.772234784585
1663,20267.76026774557
1664,22891.416519842187
1665,21188.73110078646
1666,17211.036923653435
1667,28580.36474759319
1668,19734.006006501328
1669,29237.36307038225
1670,19452.438928643343
1671,26062.53997491689
1672,16476.277699784176
1673,28561.9546911556
1674,24041.225758832672
1675,22305.12361130591
1676,38701.543320039076
1677,27944.905750247028
1678,88433.46443784381
1679,19621.687218877152
1680,38099.60312354699
1681,17737.789413548297
1682,20146.89794769597
1683,19203.82764233258
1684,23372.332998901038
1685,27281.509270781295
1686,18553.11507372136
1687,27458.275586136668
1688,27915.093185633603
1689,25760.31749965621
1690,21600.515119973916
1691,30629.46666642387
1692,16918.432043438665
1693,15971.225155473909
1694,33313.727430033185
1695,36088.34069965565
1696,18421.67226967669
1697,29967.860487495847
1698,17252.04388936571
1699,19513.72682613159
1700,27088.330881746115
1701,24590.33661604618
1702,18147.227452342016
1703,29686.363828577163
1704,21643.617977207137
1705,22735.882205567825
1706,24030.892450914944
1707,24310.151801674303
1708,22532.778115701058
1709,16277.27391822508
1710,30417.17417313269
1711,16896.345713594434
1712,24851.45826114391
1713,26776.896688800607
1714,25205.500331046267
1715,40967.522381990486
1716,32331.496789783152
1717,19785.65086431472
1718,22846.14548470066
1719,17798.579450033725
1720,24011.182509434828
1721,51970.5905954673
1722,27282.313703748605
1723,25096.839377514185
1724,17279.23413106882
1725,16705.446645511503
1726,35797.32922454097
1727,20046.26958512048
1728,23624.77170058757
1729,17316.90396618962
1730,24654.234509906488
1731,17888.945521038648
1732,19509.325478927047
1733,23817.2899004941
1734,20381.224253100227
1735,27037.310465195696
1736,16553.750272580637
1737,17633.664674906187
1738,17643.84616339132
1739,18801.917931741093
1740,16946.41613045233
1741,30184.61456270364
1742,16965.66216542386
1743,29082.57380703141
1744,30834.77649398083
1745,33956.68142410492
1746,19620.152496716146
1747,16279.095378088698
1748,21081.242397231723
1749,18068.293814326124
1750,23719.712019227016
1751,17526.63570192093
1752,25843.64677634887
1753,16910.314456216944
1754,38647.00951994173
1755,20022.121901456634
1756,16535.148072547516
1757,32612.629916171234
1758,32612.766869269126
1759,16756.341336894588
1760,18783.86837188829
1761,21194.39378974449
1762,19699.06753718237
1763,20114.23770551043
1764,18742.998933232117
1765,25181.831697353537
1766,18622.658650692214
1767,27673.110477176502
1768,20162.305193707536
1769,17229.972723577364
1770,41402.185287662134
1771,32454.50115036974
1772,27605.78017544631
1773,22937.02693971801
1774,38787.92846440788
1775,24080.786119153254
1776,18145.01254372716
1777,32660.349789837263
1778,17792.006080699666
1779,28428.64460421588
1780,19472.358544735453
1781,34130.361829147354
1782,19102.976271284548
1783,20632.677684542577
1784,25148.411200000508
1785,18901.728549928266
1786,40060.19407669227
1787,42280.98052980316
1788,23369.829810281433
1789,29915.980075297317
1790,17303.297895604006
1791,16472.186720232945
1792,21447.034993725352
1793,27943.209834574132
1794,16664.652954493955
1795,18951.28293465348
1796,43924.116519470495
1797,36712.56098649814
1798,25330.49268645831
1799,23606.81245171655
1800,19825.169949041905
1801,16804.698413656315
1802,23650.0639643683
1803,23464.442107401737
1804,17479.28226590122
1805,55618.29377150231
1806,18031.935091887655
1807,22615.795208854735
1808,23245.715285704624
1809,24241.783456395144
1810,40084.17987930793
1811,19880.88573550544
1812,16971.437391564083
1813,30913.179187290818
1814,35492.91414649908
1815,25950.737387669975
1816,19204.954441098107
1817,35700.18233094878
1818,20280.334352906546
1819,17042.255509275645
1820,31310.162846987645
1821,34798.584871057355
1822,17676.613423798262
1823,18798.064447239558
1824,26799.34970109795
1825,26726.173910948186
1826,17369.51289930412
1827,19131.713976631967
1828,25924.800334969743
1829,18809.327981564355
1830,18152.187308793265
1831,21706.20738345083
1832,18581.500525159456
1833,25023.3443913876
1834,16805.455588904097
1835,18711.692291670468
1836,16137.766504816498
1837,16392.638218228312
1838,16606.443786413383
1839,16052.674883034446
1840,21935.54297930452
1841,28380.0314502579
1842,29579.2311133277
1843,22735.748643211584
1844,18906.68845500065
1845,16718.423313818766
1846,23106.385393411263
1847,19249.881918445997
1848,21049.6131015936
1849,17587.49307303455
1850,18938.37996925746
1851,16290.537443756171
1852,17798.389058077857
1853,48578.31510587745
1854,24279.084705651985
1855,18462.849007610865
1856,35202.83462387885
1857,17058.591346912723
1858,33236.08341901573
1859,16544.235376154375
1860,16904.227832574747
1861,20818.56455162689
1862,17879.089009693602
1863,16681.073023617457
1864,19428.387327217173
1865,16950.146172452907
1866,22275.926216278272
1867,37996.28909296117
1868,25232.240587249908
1869,24238.55081098301
1870,16565.524493430217
1871,16590.11720185991
1872,20601.788363582404
1873,28978.435127446173
1874,17433.936590982896
1875,21203.808738546788
1876,29647.957706529112
1877,38062.943983611694
1878,16354.696316436215
1879,21310.69963399051
1880,22050.56495855719
1881,21409.989789387648
1882,18357.224345022834
1883,21466.375099933546
1884,17254.479548219075
1885,18801.917931741093
1886,26400.509160565765
1887,19558.84267402981
1888,29438.15994147749
1889,23463.75058259538
1890,17370.154268788956
1891,32326.796846075955
1892,20194.900492172575
1893,36648.27326342647
1894,19691.67060271021
1895,17585.668523583663
1896,52764.15612065195
1897,25412.528141746043
1898,25831.645051495983
1899,18403.373943209986
1900,23460.521133493232
1901,17359.952306860956
1902,21487.223977702422
1903,36099.453351739285
1904,48060.968670208546
1905,38501.82688841869
1906,18698.655517066454
1907,24762.03215463976
1908,18059.583184245195
1909,30959.49279678507
1910,23068.519313342407
1911,23153.233968201555
1912,19455.78935816206
1913,18492.752591768975
1914,20868.28403484843
1915,19543.978357523953
1916,21886.25177291798
1917,16241.48229215653
1918,19556.41052458468
1919,16087.540520414164
1920,18777.107285264414
1921,18328.322160754786
1922,20538.73612879338
1923,17036.10350510743
1924,37360.75416691767
1925,22598.7068686163
1926,30011.782007458733
1927,19080.49241968765
1928,45164.05957651308
1929,16338.980327252273
1930,30058.390535679762
1931,23127.34943025999
1932,25008.304373783645
1933,25137.054613745375
1934,17213.191560988555
1935,19489.29259324013
1936,21569.04361637683
1937,18665.58984461974
1938,30317.537674916388
1939,22617.016455698045
1940,26787.86185544789
1941,24775.802534253824
1942,17931.947305728758
1943,23607.168609373704
1944,31996.966605305708
1945,27184.563506789218
1946,16356.551433105093
1947,18845.198552007332
1948,26191.507887079155
1949,16597.443804257222
1950,50431.22339357118
1951,24461.89524911576
1952,17865.756635280042
1953,24511.34021663136
1954,36112.744253491095
1955,16508.27954929445
1956,19203.534640076796
1957,24403.26626630172
1958,16905.000213362204
1959,17406.452129293535
1960,27120.962428272815
1961,19450.58653363436
1962,36068.7990164178
1963,20077.89129273027
1964,22776.196061379935
1965,16136.580254353325
1966,21021.129972779814
1967,17459.73840587834
1968,23360.479284556357
1969,35295.048427241745
1970,16394.73848587982
1971,16876.293039934204
1972,57495.37429797024
1973,30494.89811846593
1974,27794.87358672634
1975,24882.353036396045
1976,16088.470617035273
1977,25047.119100183943
1978,26398.500257229993
1979,18450.201816903733
1980,24109.337612334617
1981,23766.267801079943
1982,19284.324878025214
1983,22809.955089612344
1984,18601.350183398496
1985,24414.727271751974
1986,24248.658777739976
1987,33907.901279310965
1988,18485.44047795694
1989,18563.100154322936
1990,16055.960998019033
1991,18149.269544764524
1992,25471.564743818508
1993,17191.3632118918
1994,16397.889296965688
1995,20981.636790227105
1996,21772.303472530435
1997,19936.728821457084
1998,19518.198780023344
1999,35662.2906880719
2000,22432.004560189922
2001,19215.536490167717
2002,20157.757965084125
2003,19274.755253424602
2004,23642.211691726963
2005,23143.839365663724
2006,22164.304938518737
2007,36442.24408625929
2008,21869.75632285331
2009,24616.43286388513
2010,17154.456969449682
2011,17790.61210431082
2012,40039.60623058712
2013,44990.17302430809
2014,25420.679580212513
2015,25225.3691877726
2016,35915.87985129493
2017,38843.35646653649
2018,28475.904741493498
2019,26478.72252301842
2020,16141.241795963222
2021,19754.621057302105
2022,17826.152949532785
2023,16966.624386296055
2024,21253.089953914816
2025,16873.545531722488
2026,18283.58142421516
2027,24905.026442402883
2028,23190.190749044465
2029,16708.36690380207
2030,18226.449421367357
2031,21406.85813999619
2032,36991.65771762265
2033,19702.555065797656
2034,40053.749223151506
2035,41937.13776057755
2036,19954.76200876533
2037,22067.554216892837
2038,19710.421337857704
2039,17259.039853488233
2040,21536.222037229418
2041,23457.737109842685
2042,31936.108106157226
2043,18075.98964131185
2044,28829.42366631955
2045,30304.302933143717
2046,40146.47562180668
2047,35497.585323772044
2048,17477.169607677002
2049,19634.012593256146
2050,20380.48032708984
2051,23340.827515497946
2052,22431.958622240312
2053,25598.250291090575
2054,21034.506176331743
2055,16680.292822764128
2056,22430.953102800344
2057,20795.2149915143
2058,20957.438487764084
2059,16084.320139052918
2060,16893.64936568281
2061,26951.880012258003
2062,18467.87069220405
2063,25857.8720444305
2064,16767.01143567639
2065,16482.89459499545
2066,25796.391064809955
2067,17824.970066975544
2068,29348.528469145025
2069,24405.740743308845
2070,37115.80188923896
2071,24070.131917832165
2072,26092.796046792137
2073,23781.40633214832
2074,35319.80574910039
2075,17066.466901231688
2076,43762.38409010242
2077,25936.085110564167
2078,16512.555063418353
2079,18051.245357167398
2080,16704.22211535022
2081,66147.06591723351
2082,18370.46119858411
2083,25217.688156712487
2084,19167.531801474244
2085,18518.527790528828
2086,26638.741734323437
2087,19139.187298063345
2088,40560.64013644971
2089,17224.886374919624
2090,17581.524661438023
2091,51810.32025543869
2092,21907.755548042973
2093,18076.540262090988
2094,15904.175797369146
2095,16696.74286280831
2096,21431.35727052695
2097,31811.81468997226
2098,16650.815668392093
2099,19212.389382344663
2100,18857.3103546632
2101,19883.0962603561
2102,33457.232894162495
2103,25101.729068685814
2104,19776.7869202565
2105,18447.719725097824
2106,31276.104819921988
2107,20535.588936606786
2108,23382.84738582489
2109,19514.479522609265
2110,27882.608632352454
2111,16163.600025672406
2112,44226.62846761541
2113,25364.34793899094
2114,32812.36221604507
2115,30395.582963240005
2116,20277.47239974553
2117,17519.73530709685
2118,16643.587107897532
2119,24361.355203587562
2120,23818.966378639892
2121,22569.091953286625
2122,24415.996557371058
2123,20783.220678072164
2124,17459.17713672188
2125,17395.98257788577
2126,19089.2780295491
2127,25475.432780700186
2128,16796.336971127705
2129,37779.83857904987
2130,49586.62931675435
2131,25411.847941422555
2132,31603.781349971563
2133,17841.561614483147
2134,24892.793810692474
2135,25145.122485392778
2136,17658.706445211556
2137,36007.94467070821
2138,17398.59845622279
2139,49578.187863454994
2140,32950.582007936784
2141,16208.091346255633
2142,18339.328756348317
2143,23126.504311431538
2144,21759.176053492323
2145,25040.63782189345
2146,32903.08396350022
2147,29850.78357117878
2148,24759.407391731886
2149,25651.783219922298
2150,37167.83877980709
2151,16538.69959966731
2152,21227.530918311975
2153,24257.164195814014
2154,21063.936516902046
2155,40567.942363476
2156,17347.076851265112
2157,18126.167766280916
2158,16839.06489215861
2159,21916.88532055927
2160,25382.688740137834
2161,39222.14346207708
2162,23482.032189988055
2163,26217.787010022992
2164,16542.74063864414
2165,27453.566634228344
2166,22249.465839650555
2167,34907.683153620164
2168,17021.850762321526
2169,28173.818735809178
2170,24081.88473132358
2171,16748.091960528513
2172,20750.116862842504
2173,23912.72191229394
2174,27720.59438384827
2175,22706.76495171871
2176,17375.450047721024
2177,17448.77479529211
2178,23572.226306830147
2179,23789.305333475655
2180,27978.50844347391
2181,24219.008970470928
2182,18326.0126807914
2183,18422.486324164973
2184,19006.102532838755
2185,18684.396222933367
2186,25229.64478817381
2187,16877.022143816816
2188,26966.5098063578
2189,25348.72990958029
2190,25795.799389781318
2191,16953.23591246418
2192,19079.0769609107
2193,25428.856041837094
2194,19018.375537290918
2195,21548.301456681435
2196,23813.82960270194
2197,22086.449982145154
2198,20967.936072925942
2199,35500.54644767897
2200,30078.96830948344
2201,23431.252383411214
2202,16754.313915008923
2203,27971.67912094015
2204,21084.560491012977
2205,16689.43453827354
2206,102248.32053357486
2207,24917.53238861362
2208,49644.39936867663
2209,23264.94612581535
2210,24690.756809191247
2211,33512.14151280802
2212,33712.189762694106
2213,27051.848295035594
2214,21487.943326659744
2215,16278.789693230958
2216,33794.86008094147
2217,23705.151561021394
2218,17179.371366409963
2219,18409.008279698297
2220,23664.876167533173
2221,23063.072515934302
2222,16131.10946117635
2223,30601.021578710584
2224,27195.929810282803
2225,17389.14935051318
2226,33774.8342513251
2227,18515.43251062233
2228,17231.136020687765
2229,36265.74708968677
2230,17210.548715213707
2231,19230.896563421404
2232,21768.478680144653
2233,18699.930046196903
2234,16833.09944068645
2235,39643.60111403698
2236,26937.859956277836
2237,22522.547882787196
2238,18357.079611285397
2239,16577.50225122413
2240,16490.620526051593
2241,28189.681735522456
2242,20744.242395834473
2243,31531.379438298194
2244,23631.991082296005
2245,32802.40198930219
2246,22844.359177896666
2247,20004.61518464098
2248,17511.279260859403
2249,19065.95862131461
2250,20826.637954336024
2251,17826.554759099046
2252,31255.48668279815
2253,25482.694744317258
2254,23743.08832002816
2255,18291.239273408373
2256,18683.610755291174
2257,17335.547871038987
2258,49976.48847310453
2259,28159.873574705063
2260,45115.52392672917
2261,18137.585098568074
2262,51553.839323014494
2263,21608.444684164173
2264,17866.453174678125
2265,18883.586324020365
2266,65964.67816050605
2267,18394.6615532328
2268,16934.9291648249
2269,23535.130453646852
2270,19412.092921746415
2271,17946.26048186433
2272,22151.238020926994
2273,19306.208362223806
2274,19720.307737789342
2275,20271.33484157343
2276,17099.470455326802
2277,25718.878418631593
2278,17616.401447791995
2279,69312.62545722842
2280,17118.00270942993
2281,22279.410969442317
2282,24486.314008866077
2283,26692.754838815952
2284,20725.050506941243
2285,25601.911210877726
2286,19453.007027134165
2287,21777.66030657843
2288,24512.32100777899
2289,16560.54736922389
2290,18360.506766570896
2291,21424.259209821816
2292,16832.83500954407
2293,21303.97916555289
2294,28961.136576227007
2295,20090.232012468663
2296,16996.702777225688
2297,24689.19364862645
2298,28817.792790866064
2299,24496.63997906481
2300,17675.62843215634
2301,18084.759579468573
2302,18801.917931741093
2303,18041.75815618435
2304,33520.755751257166
2305,26029.79553710704
2306,24353.0811621783
2307,32933.63516456961
2308,35218.31661784018
2309,25987.15044117579
2310,23489.978881696738
2311,17725.80294188326
2312,26366.703894649247
2313,22060.796395390546
2314,37714.935497438695
2315,24366.725970881897
2316,27264.863746280236
2317,36402.322971314024
2318,16403.14356131923
2319,41263.9970794659
2320,29667.38836855893
2321,28106.857225261312
2322,24443.535940187892
2323,28938.139250395445
2324,16883.23580582158
2325,16369.89068394699
2326,26620.08295482427
2327,19255.524999443594
2328,19723.16042676545
2329,35099.381167799904
2330,42552.983737144576
2331,15978.272033859144
2332,18219.172542017262
2333,44628.173066580835
2334,30922.17729937759
2335,32338.505292378748
2336,68617.84761430949
2337,17841.345958514008
2338,17924.74252231276
2339,39825.4712633802
2340,19986.138216600295
2341,28305.72330692627
2342,21466.35640516628
2343,18150.202880376663
2344,16681.073023617457
2345,20648.325913876542
2346,45630.35641620181
2347,16060.040604472013
2348,18607.591677914188
2349,17305.253602426357
2350,26956.390733460434
2351,16312.447700040873
2352,29971.348022075956
2353,76449.09035512748
2354,20521.14190809664
2355,22215.843791417137
2356,21832.44739488077
2357,20350.53294565679
2358,36202.923885428325
2359,16458.365003415427
2360,26335.75881791005
2361,24169.368743452625
2362,19077.998208687033
2363,16122.851549611329
2364,25964.954406071487
2365,37358.0759487594
2366,16843.98005195573
2367,16613.284683746235
2368,28077.548254234433
2369,25528.623949943678
2370,35635.21003184461
2371,16079.81046964149
2372,41099.293077120354
2373,27086.055639673606
2374,17296.099477333075
2375,25694.449626000427
2376,29323.525928467076
2377,32914.52789060477
2378,25460.265288832758
2379,26320.908007613863
2380,16160.4632409511
2381,35200.503306105275
2382,19122.817253497586
2383,16523.7735861726
2384,16937.062244214456
2385,22275.547738393558
2386,25576.298316694738
2387,18781.539296781622
2388,23902.155694718305
2389,33380.7427343628
2390,27998.67253548239
2391,31227.27666808298
2392,16808.551566963943
2393,17251.113022067937
2394,20116.320681535795
2395,18334.74178229723
2396,16662.941579922324
2397,16838.90432809579
2398,32484.065893621057
2399,32235.52295478213
2400,21529.37720059209
2401,30114.269874017995
2402,21045.149271205755
2403,16600.04469175427
2404,28209.640472665676
2405,18903.715192381642
2406,19463.920178199263
2407,31098.958676969185
2408,18604.849376091217
2409,21334.132295161773
2410,38883.10728571109
2411,27583.55582317178
2412,26594.515799592227
2413,46652.23273200324
2414,19642.40732363779
2415,29358.216834529554
2416,17159.19144708669
2417,26788.118261512827
2418,17347.327844703977
2419,21380.596489276693
2420,20960.366714306558
2421,23387.784185296612
2422,19647.799392369117
2423,20245.147209403876
2424,17155.644955732372
2425,17235.205874093335
2426,24085.97149762707
2427,16434.566557928953
2428,16052.748742502388
2429,17287.32832225397
2430,16249.430584954274
2431,28725.58447447464
2432,20285.00051158636
2433,16926.339513726143
2434,28683.09465840974
2435,20161.862891177137
2436,20504.73617398451
2437,23334.677422163153
2438,37596.80062550449
2439,17655.502455323665
2440,20754.148706805827
2441,20265.527935087383
2442,29012.684732792826
2443,55263.70715733585
2444,31988.462819345983
2445,36191.22363752046
2446,28572.177590291023
2447,81718.35400874166
2448,21062.356178264574
2449,16990.25487992392
2450,16251.801836391638
2451,22977.60200495366
2452,16902.033690091543
2453,33413.137119059254
2454,19451.52431256736
2455,26863.27245868621
2456,19790.33271062551
2457,18316.99408721256
2458,19230.13235360274
2459,19979.610001245175
2460,24946.15445085574
2461,21063.53897537461
2462,18521.090573591755
2463,16124.783533812028
2464,26144.64819596466
2465,31152.926522327714
2466,39432.40836023814
2467,21442.59608613905
2468,19598.077423540635
2469,32857.66120435812
2470,28759.530596707096
2471,39240.97517265468
2472,16241.735705027975
2473,17184.543391257506
2474,30987.073382250877
2475,20614.920346012914
2476,28923.11635327551
2477,16797.097375394347
2478,26251.71714949074
2479,17839.475469030804
2480,23811.566998343867
2481,25012.19310573213
2482,27579.181512082203
2483,29556.67720637398
2484,19513.72682613159
2485,27439.346257121815
2486,18989.940177761484
2487,32481.484052542124
2488,41765.387871780804
2489,23572.85726268087
2490,32144.065680532865
2491,57900.14696302437
2492,20757.9053172124
2493,81236.05554765844
2494,16241.875676055211
2495,44963.96122435931
2496,23249.62006481323
2497,22387.602788991182
2498,18096.02720480006
2499,18588.394960799586
2500,27397.657572955606
2501,22781.297123685796
2502,15917.329335741368
2503,36433.56033815591
2504,19382.769392793896
2505,16061.797088733136
2506,21327.180496362336
2507,16186.48189387588
2508,18121.419965835375
2509,56005.45385707912
2510,19975.741415826393
2511,19294.445226236527
2512,30327.079469120905
2513,18152.022107902252
2514,28119.90383241076
2515,17674.6939389464
2516,39218.48786999968
2517,16411.51986050036
2518,24271.484193953427
2519,17966.55333800683
2520,30765.17051831982
2521,27345.639993743618
2522,18570.946469229744
2523,27250.30278743067
2524,41970.117627734566
2525,35957.22066145708
2526,18746.12046001441
2527,37679.555017182785
2528,28181.16222750857
2529,20082.364235397905
2530,39853.199155542236
2531,20146.82608494805
2532,16720.009431154933
2533,16937.21849220162
2534,17106.64148005585
2535,19857.50305625169
2536,25665.539506487406
2537,36100.35010404725
2538,17586.54876203791
2539,60343.130560960104
2540,24225.32702770798
2541,26664.21054425102
2542,16737.338899870003
2543,26076.249688123637
2544,17812.448771524196
2545,16040.584458116064
2546,15972.721142016304
2547,17123.79401749855
2548,34522.06786151336
2549,20171.542432707134
2550,62467.02942930215
2551,20411.58133295045
2552,24802.28703679743
2553,29037.60312815629
2554,16570.834624067014
2555,17841.05616232374
2556,19444.171455699194
2557,16387.208865784673
2558,17107.84105840071
2559,19080.323883339715
2560,17208.754730798937
2561,31159.087021227133
2562,40951.200233211406
2563,22460.07420935552
2564,19019.571000205648
2565,20279.369305805463
2566,16261.968420517023
2567,18593.05374448164
2568,29099.404442307
2569,19574.095865360312
2570,20845.38950731924
2571,22840.543837204845
2572,16818.901514494315
2573,17252.171905593164
2574,33794.862204686404
2575,22057.512572553158
2576,27641.298742361727
2577,21467.498952108544
2578,25116.25980369821
2579,16390.284365705425
2580,33601.780441465264
2581,18669.36797162201
2582,27020.31241331144
2583,19453.007027134165
2584,26488.750475012148
2585,18755.402692280764
2586,20834.753385254546
2587,28475.31372566067
2588,26283.662839204047
2589,16809.98935306922
2590,16991.221389600192
2591,21694.841436608636
2592,22932.880024783386
2593,25647.06544992444
2594,19487.70227228882
2595,22906.838983383688
2596,27264.992889636487
2597,17727.333506454936
2598,16678.54788491713
2599,18130.557163947415
2600,21990.180589875214
2601,18961.807930872965
2602,20096.484206465477
2603,16232.59376980234
2604,21630.61425392579
2605,17815.699443089532
2606,17856.942997993738
2607,19246.528811309126
2608,23916.78585097362
2609,21368.793906759365
2610,30238.931556422554
2611,24102.943931623155
2612,17110.945157613263
2613,16361.711174670008
2614,17182.2910504748
2615,18679.861718124677
2616,21071.00461192189
2617,23445.443551072472
2618,27741.6716864103
2619,54141.566237989224
2620,22736.16173899896
2621,22885.105454027074
2622,24069.276962080155
2623,16259.688339061748
2624,55808.44954517834
2625,18284.15234162619
2626,17858.216823923187
2627,21262.88497344217
2628,28525.424984668884
2629,29211.285512995528
2630,51017.43431503915
2631,16560.60211058612
2632,22172.532704539175
2633,16124.198697619267
2634,21321.321077584456
2635,22253.97907762194
2636,31424.771103327625
2637,18702.583709840233
2638,40002.88860370895
2639,30123.829357638264
2640,31235.3309440992
2641,32587.637553021013
2642,17316.677599288294
2643,20437.480189735514
2644,47108.24703675373
2645,18252.985997627988
2646,27523.405856277073
2647,16858.720804726898
2648,21942.959729520924
2649,32855.41435215754
2650,31360.737888942054
2651,28700.813896486823
2652,36579.573153223646
2653,26904.405860964544
2654,32782.04045396402
2655,17877.244498142496
2656,31316.999080633712
2657,27406.95880814193
2658,32341.491468164353
2659,15987.176248350332
2660,34777.55109563452
2661,44442.593191951964
2662,32279.87625795063
2663,40230.42806423941
2664,16424.33282796092
2665,49058.857781506704
2666,19446.973918597818
2667,21122.131756958697
2668,34672.62600213103
2669,28876.690273934917
2670,16750.280701271702
2671,18352.160541756435
2672,23894.328547795278
2673,16117.343506154906
2674,36570.2950833806
2675,30841.891192893578
2676,29899.927268378855
2677,20128.92803484661
2678,21272.99363468445
2679,36133.45896758652
2680,33752.93629265817
2681,16797.599190528235
2682,16365.009020370819
2683,26685.29389965077
2684,16832.83500954407
2685,16251.445664826886
2686,16562.451103557654
2687,16485.47644060649
2688,22538.904706161637
2689,24504.12974998796
2690,16966.053662155242
2691,20891.623565881906
2692,26865.14454504941
2693,16409.277733292576
2694,37808.621859020284
2695,21544.10983575233
2696,24442.91565337395
2697,27464.124029698487
2698,35150.66284950382
2699,16038.321343854237
2700,22912.3693342662
2701,20306.517225054118
2702,29789.01594002714
2703,31858.564269675564
2704,18890.25634030298
2705,26623.17438835361
2706,27836.61739889847
2707,31887.18596556205
2708,19676.53632657921
2709,16226.415230506822
2710,22225.275777278817
2711,19249.069794382434
2712,22617.23668270146
2713,19513.72682613159
2714,26887.83672716847
2715,20728.185983125815
2716,18015.67016477782
2717,24375.512376791055
2718,27890.42618735935
2719,19461.042165755298
2720,25591.638067329277
2721,33813.44551909125
2722,30437.82132160878
2723,36159.43011645519
2724,18260.616193472713
2725,27454.814909738267
2726,22064.240119666454
2727,26192.987025451395
2728,16663.58515660963
2729,18267.887776398147
2730,17609.38745976182
2731,16758.5449679404
2732,18334.69794603166
2733,15978.055075598992
2734,23257.061313258568
2735,23572.226306830147
2736,17329.677611865915
2737,24508.999274776324
2738,45651.61944098652
2739,17279.083320778336
2740,21411.222261157596
2741,18430.963452886866
2742,24351.237899230175
2743,35010.65865853015
2744,18886.935964760836
2745,27069.75983475073
2746,17007.23922491786
2747,16216.21600333643
2748,36545.90244363816
2749,35648.87427886926
2750,26507.013200279736
2751,17900.187088722
2752,26345.34214227014
2753,36376.96538303446
2754,27158.452264052867
2755,17003.19676552899
2756,34491.65196791941
2757,17046.873272571567
2758,16552.699687365217
2759,31194.77256448634
2760,17262.620033934727
2761,26050.87480567558
2762,31849.83478018482
2763,40516.92704630073
2764,17283.846861041264
2765,25234.6613478192
2766,22167.729201370577
2767,19008.266726345213
2768,18871.83404647485
2769,24533.36345596574
2770,18951.118279262166
2771,25440.522633052136
2772,24268.05773718432
2773,32586.392587022696
2774,22969.482888203656
2775,19960.02773158471
2776,39214.59424497202
2777,17836.722959169736
2778,26175.246031836203
2779,39200.8657644914
2780,18503.290876467785
2781,17734.70004343113
2782,37998.93840279691
2783,18993.795384501107
2784,23735.087918541132
2785,55504.46840117559
2786,23261.490822813816
2787,21266.2863738948
2788,37645.57422645913
2789,56890.21385702837
2790,21060.469163478767
2791,18751.625364703672
2792,21893.811204796242
2793,16397.454952433865
2794,17158.31921710469
2795,26710.52757475891
2796,18910.688540483658
2797,30861.828454168197
2798,18191.26211033595
2799,28556.69825332352
2800,23120.83837028399
2801,21121.199275393472
2802,17150.884643638325
2803,26776.75483651837
2804,22971.2253138928
2805,26504.616728738012
2806,22490.759079128537
2807,17620.444705204016
2808,24356.600689458748
2809,24657.745947881423
2810,18483.266316823614
2811,16626.87180734761
2812,26447.501341860967
2813,16523.445140794232
2814,22218.29645591172
2815,20716.420677472724
2816,17237.569844954545
2817,16656.50742011592
2818,19704.985659618447
2819,16175.6033485754
2820,31579.593080302475
2821,18592.623844727073
2822,27050.67493205075
2823,24064.379228672133
2824,19517.943045287368
2825,26126.850005800552
2826,24016.501099204877
2827,34014.62223412806
2828,28163.25521268078
2829,16681.073023617457
2830,44586.33366006947
2831,36667.490957987466
2832,28493.312054140864
2833,25718.78043182124
2834,21466.649039469597
2835,38382.49993184612
2836,18304.91706162181
2837,17208.966955189833
2838,26626.325524563137
2839,31656.381094633845
2840,16682.359627089587
2841,30513.585101159308
2842,26991.76185931191
2843,17650.766363492105
2844,23789.54163796745
2845,37832.542032107216
2846,16833.24142678894
2847,16398.34574216443
2848,16457.99970736131
2849,23631.292856258657
2850,18349.78514275785
2851,17486.925074946343
2852,17522.418441914462
2853,18547.082947705756
2854,35219.710070243505
2855,44320.31713098687
2856,33921.567089576485
2857,27407.98145062483
2858,21389.577952900363
2859,24028.54951505377
2860,18973.234297599385
2861,28707.274366800106
2862,34307.24238260571
2863,16388.832105001646
2864,26636.1061185252
2865,55726.761950981134
2866,32574.900443333107
2867,38471.44410925425
2868,17273.582474130755
2869,23781.802845237096
2870,16597.682938690024
2871,17003.59877000659
2872,25119.220286494678
2873,22691.967542052473
2874,26716.707874542983
2875,19948.807859083976
2876,16734.655604326446
2877,30870.81206282991
2878,22752.00842538118
2879,24769.010493880465
2880,16543.1676296226
2881,27216.053699138658
2882,20338.369153405063
2883,22724.98655356839
2884,25775.21385480432
2885,30985.555846587587
2886,124757.80014962364
2887,28200.681497406815
2888,39777.4599506388
2889,24683.688385951606
2890,17258.568433942062
2891,17840.287217585945
2892,25159.85329114233
2893,19513.72682613159
2894,39551.53202209951
2895,24737.170053344402
2896,30960.661941925056
2897,32667.82578773843
2898,19975.688676914255
2899,18669.677091649573
2900,26935.85955854828
2901,28770.51489590738
2902,19175.691723589283
2903,17745.349936900308
2904,33390.863327881714
2905,28688.8776695081
2906,80271.87803402149
2907,19456.62242451512
2908,24567.888467642053
2909,17240.447844735612
2910,16442.902552375024
2911,18027.509945900278
2912,20290.34331597534
2913,17417.709007866004
2914,16275.80988899105
2915,29612.351618566543
2916,21630.44663177796
2917,19912.06845988975
2918,20906.434520728184
2919,20614.170042184935
2920,17042.527827456855
2921,25239.38398266453
2922,27544.743573907737
2923,17345.953038321342
2924,17015.697614636305
2925,25442.571924718377
2926,31935.422181651134
2927,39970.129426066254
2928,19618.24087189004
2929,17158.984748682313
2930,21319.479338011617
2931,23724.652853281077
2932,21144.59675484609
2933,20610.63968667224
2934,19095.008395672114
2935,18756.280505889496
2936,23351.76089213944
2937,27329.09925211011
2938,24271.940753579293
2939,16601.81084680883
2940,24966.291512076234
2941,30086.629840446785
2942,27023.8389939348
2943,20673.59753165292
2944,23203.06274516371
2945,45692.96377338202
2946,18044.755568692497
2947,28631.942881658833
2948,25087.863684742617
2949,16590.191820346456
2950,28262.180549348654
2951,29733.036728461895
2952,23375.943080660367
2953,37086.10420908915
2954,18512.853291685886
2955,17058.339621721763
2956,16681.073023617457
2957,27067.043998501606
2958,18374.270456015696
2959,16546.543683885706
2960,25530.521190824395
2961,26732.640621848732
2962,22289.674567650265
2963,16710.027964000048
2964,22739.879938844093
2965,23092.3533060152
2966,28893.44849079529
2967,28198.12243131249
2968,19331.500463371347
2969,20236.34392043731
2970,26537.54292327305
2971,20943.349500277305
2972,26538.775978843947
2973,18237.815836348593
2974,17316.1134475184
2975,23976.57754412764
2976,32218.938551291976
2977,28374.105595261746
2978,17459.0356798894
2979,23155.68265316479
2980,21167.164400699025
2981,16136.854957536887
2982,31611.502326931586
2983,28466.29608882363
2984,19547.50388802251
2985,25209.07485750309
2986,19122.96215172863
2987,20138.735448078587
2988,32842.51233108763
2989,17765.50430766158
2990,37550.17830679192
2991,19571.46952944638
2992,25189.06112921583
2993,16831.23080949618
2994,29165.273314951774
2995,30999.06878622928
2996,21549.67952157357
2997,19364.39858994204
2998,24796.222872468326
2999,26763.572979385062
3000,24442.815020201357
3001,16663.422776708958
3002,18017.59671511619
3003,26003.002775132078
3004,22680.45096784797
3005,30631.214574076694
3006,17603.791250460617
3007,39936.65085859371
3008,16508.80840367615
3009,32705.862174128557
3010,31177.674993888348
3011,29294.523920762003
3012,16139.87696737237
3013,27709.600602269336
3014,19989.761918401004
3015,18797.372309597686
3016,20283.7160492824
3017,23929.797268900078
3018,16374.679535944937
3019,19813.26466490045
3020,20448.48734141867
3021,21462.572668257046
3022,17092.585013248594
3023,18706.834217409414
3024,17379.26812534655
3025,33860.57954742118
3026,17354.307456448696
3027,15900.271696331394
3028,29955.28766517465
3029,17460.663928576367
3030,20842.13704696532
3031,29585.950244731208
3032,23206.626459616407
3033,20124.06279527263
3034,17636.294821421478
3035,35544.59592794993
3036,23096.839095570507
3037,23996.01506475953
3038,17078.45710385008
3039,23572.480185190034
3040,19658.45377458475
3041,24733.734069092276
3042,17766.340821446986
3043,26176.381348442985
3044,19914.53888170287
3045,32417.946527316755
3046,17192.65355922264
3047,20900.77961220472
3048,24467.3360016381
3049,24902.75466729364
3050,16700.270155360293
3051,17008.956888442146
3052,20696.53869881611
3053,23782.448871481978
3054,21303.380778556933
3055,33185.20360214632
3056,26180.91581954421
3057,23121.65674003577
3058,16456.497982483685
3059,16114.077955666682
3060,37680.330672242766
3061,19954.729783969706
3062,17284.70508145239
3063,19630.327433369683
3064,43500.411088673245
3065,16849.77536693338
3066,33499.88340238603
3067,32690.645255446212
3068,21831.51446241475
3069,20787.606308896517
3070,16248.83823744628
3071,16163.269591361508
3072,26682.141056470355
3073,18344.204608504584
3074,23699.026325368224
3075,21059.49271932922
3076,20090.40929798037
3077,31194.39619798252
3078,36282.34915712385
3079,19451.261310041555
3080,25296.81636575009
3081,16056.304275944422
3082,20516.80249225739
3083,16932.26359954119
3084,17079.903998141253
3085,25199.90460428344
3086,21438.253392744693
3087,16315.500026926373
3088,21434.1517368176
3089,20732.13131040767
3090,29857.21315267609
3091,21004.92142842931
3092,22909.33801284277
3093,22406.784974434326
3094,16147.440250575317
3095,17102.24157122113
3096,17718.313964269495
3097,23471.818851040807
3098,20374.22285544977
3099,39766.4392144607
3100,16428.91772283454
3101,23195.25096273346
3102,23459.06582709943
3103,28452.93763473394
3104,21465.564816991027
3105,20341.607486552697
3106,16681.073023617457
3107,20811.590073447627
3108,16970.29250657925
3109,32249.528050772777
3110,26030.998857081988
3111,16336.753007755051
3112,21344.128899508243
3113,25598.24213063281
3114,16171.221687065958
3115,21073.132741544607
3116,18583.84049169862
3117,16634.312427964996
3118,25337.609839858465
3119,52701.12110523303
3120,16838.64335102595
3121,18831.183543992218
3122,31284.213982449033
3123,45089.4664086856
3124,17298.15112413236
3125,16972.982156911272
3126,16589.90254343308
3127,52774.71400323718
3128,16721.694218797253
3129,17495.98013058985
3130,19628.3670403848
3131,32116.846938957173
3132,43927.88436941977
3133,19966.19458298561
3134,23576.298755186068
3135,44366.875247693504
3136,19592.781361246936
3137,19025.66322425695
3138,18936.673759982135
3139,16361.476358137284
3140,18221.817295049575
3141,24752.169426407138
3142,30824.2038147344
3143,32078.901824487377
3144,39409.443896716344
3145,33884.079508650226
3146,25777.59614144082
3147,18486.800986325048
3148,26011.13506439266
3149,17019.872812658883
3150,37522.86436747531
3151,19141.595247814534
3152,17043.736115892018
3153,75098.72777639101
3154,32450.947143119065
3155,20892.985478218867
3156,34578.37487220196
3157,19927.562622397676
3158,26835.7723400412
3159,16138.134335551653
3160,16636.866984751927
3161,18898.82201838583
3162,17899.113809084425
3163,19103.98379402807
3164,27005.30948261999
3165,26400.51664452603
3166,42455.35650672825
3167,27822.552452635697
3168,24367.99259436689
3169,16480.616781948138
3170,49986.24070481461
3171,20377.93859726284
3172,19968.772556981436
3173,59157.911706827246
3174,23824.76219735946
3175,19031.62125221886
3176,87809.18383104124
3177,19092.66772330298
3178,20572.507516351427
3179,37287.896662357816
3180,25253.018849394743
3181,29222.91103233355
3182,23626.765665910447
3183,16145.51177084042
3184,20805.57567101925
3185,17043.992085837264
3186,18168.81549506544
3187,19949.986114571322
3188,26770.57413439989
3189,19638.34937843727
3190,18443.060371387844
3191,19777.39822385509
3192,22839.243503193447
3193,39110.0110187446
3194,23026.718577646807
3195,34610.55926601569
3196,18747.433050268817
3197,23205.57136368283
3198,19582.317812446712
3199,16313.99898072181
3200,23398.584238679035
3201,18350.266957446034
3202,17831.578030737302
3203,24027.542138972447
3204,35023.700886547886
3205,23994.844116775457
3206,20996.317595570617
3207,19748.583794056554
3208,20711.779918282762
3209,33882.18965649744
3210,19452.329198893545
3211,23206.766810941113
3212,36676.03818399573
3213,24727.36610464262
3214,20614.14749246133
3215,16303.185461081695
3216,24786.775327032676
3217,24290.61592815372
3218,31942.915448709988
3219,27209.97971815244
3220,20240.207686345162
3221,23063.30208768682
3222,21241.741705752724
3223,25086.357035444707
3224,18196.711693624817
3225,43770.28672508087
3226,20589.5320853929
3227,46396.966469204606
3228,24314.50672309939
3229,30693.50063804793
3230,45972.46777316578
3231,16874.18040634995
3232,20319.440881986007
3233,16786.241236180238
3234,21617.382809596358
3235,17276.06283907093
3236,24258.419598334407
3237,18801.917931741093
3238,23303.232070270547
3239,32028.265040032155
3240,38062.986214431825
3241,42341.552385011775
3242,16755.123601043135
3243,17706.818117632865
3244,21813.32106052579
3245,25937.918781845776
3246,23715.503286905776
3247,28749.1045982106
3248,20859.2657006885
3249,28012.466768946393
3250,17468.2308284418
3251,23994.033475219076
3252,19207.387346479652
3253,21262.762628080778
3254,16497.618588352485
3255,25580.77949658
3256,26632.693340640988
3257,23251.79325594231
3258,18260.759180218978
3259,76180.06462320672
3260,24726.672888459718
3261,17255.35415829104
3262,23867.547990843465
3263,16451.991247028687
3264,40229.89745515619
3265,26971.340193870623
3266,25044.302922305462
3267,16553.41904952557
3268,17764.610373684965
3269,20473.174430930554
3270,16820.383242419783
3271,31138.49434958193
3272,22481.02990735865
3273,32055.217449522974
3274,28543.910299213127
3275,16971.162541297694
3276,18031.371636966203
3277,18726.605622240422
3278,23557.191238931948
3279,27627.015824129885
3280,16759.219990150454
3281,18432.941552223747
3282,38702.16154916285
3283,17842.99449628844
3284,20212.176829780274
3285,34047.29733798546
3286,41380.46385419922
3287,16887.692596417288
3288,16575.605914397267
3289,19626.19954793605
3290,17746.330287383567
3291,28005.375963150753
3292,39525.03424321899
3293,29673.533743597985
3294,17516.720414674182
3295,16962.570605385474
3296,33786.20915754195
3297,35513.51639862252
3298,30139.795781950525
3299,23152.52688995421
3300,20985.149174770715
3301,20980.07597793059
3302,17190.153974691766
3303,29042.788729280142
3304,25494.177971971247
3305,27191.191488090368
3306,26184.600671124106
3307,24145.980451469022
3308,28425.365221962416
3309,20545.460655896066
3310,17245.37489206155
3311,25866.904580545484
3312,17050.673552106746
3313,17063.007358623952
3314,17166.949199763756
3315,16570.589775850363
3316,25668.789133536236
3317,18973.63948051701
3318,27268.22195637113
3319,22016.524873153336
3320,21540.601416611225
3321,16425.962438189777
3322,24066.22968142578
3323,22066.054205483393
3324,23779.561076679656
3325,16990.825917040376
3326,17079.664235687203
3327,51158.84965763428
3328,16116.120028043493
3329,17240.017873128298
3330,28084.56633220835
3331,17555.463724116
3332,16799.640423153123
3333,19415.439399798837
3334,16035.851345293506
3335,16147.93303671125
3336,18805.157394217105
3337,24823.734521055587
3338,56695.72357933293
3339,23728.09817366261
3340,16599.25176682205
3341,15983.567083082804
3342,26096.434583770908
3343,19032.249553385125
3344,26778.586598413494
3345,19063.279536235463
3346,16149.663196347567
3347,29104.583866136792
3348,22506.610341146195
3349,27277.560684220258
3350,22681.702095917408
3351,18071.616432372302
3352,16414.202892895355
3353,16529.720724007988
3354,18907.4021364574
3355,38062.943983611694
3356,16758.995475475967
3357,27320.32879780264
3358,25919.54318705861
3359,25897.270575751874
3360,25520.102297433896
3361,29963.015174875825
3362,24267.084824212565
3363,21992.96645569077
3364,23412.02724230293
3365,23157.827526906814
3366,17243.918099894403
3367,20944.75381996174
3368,19516.11963086901
3369,18434.30073388003
3370,22903.62652697818
3371,16748.749527371077
3372,29603.463920196995
3373,30382.35380949006
3374,37846.79765120663
3375,18690.085158339374
3376,23305.75066748268
3377,16033.758608784985
3378,16297.73171881097
3379,22304.30220733227
3380,21545.977883088417
3381,16143.546626827323
3382,19731.488597248783
3383,16552.93613301087
3384,15874.916865494852
3385,22154.66643499889
3386,20891.355087858497
3387,18899.742116245434
3388,17575.12078971991
3389,38402.76492995031
3390,22269.449626476147
3391,31445.787997420997
3392,24055.533391686826
3393,26732.40496472779
3394,19682.148676166064
3395,31069.530273553257
3396,16391.498080557045
3397,22168.25733794263
3398,16694.41543640415
3399,17417.137442335585
3400,23623.63543494935
3401,29372.737052483964
3402,18801.917931741093
3403,20932.636524427853
3404,22792.17285696259
3405,15994.152675235948
3406,43676.27068607346
3407,28354.08264528429
3408,20079.01174814727
3409,18025.458427300928
3410,26089.125527085667
3411,27758.22116126414
3412,17969.601052497062
3413,21956.139326877936
3414,18985.599844637585
3415,26787.761827250117
3416,24604.011690060895
3417,25452.879486163856
3418,18843.780162422274
3419,18987.355015397883
3420,18111.520865385388
3421,36065.16834463072
3422,25724.611560590154
3423,18290.52311439271
3424,16238.532970929904
3425,45099.50337676042
3426,17718.451989272562
3427,25661.47217481829
3428,22616.00360087229
3429,30448.85451986516
3430,18801.917931741093
3431,23698.185220868243
3432,16200.783488402578
3433,17956.894250920646
3434,23368.58432333699
3435,28986.738576196385
3436,21965.11908057411
3437,29647.19510703769
3438,35914.08354484817
3439,19016.633092778207
3440,17154.052170059793
3441,27751.089882850138
3442,16170.287966567947
3443,18338.725666369974
3444,35446.879724440565
3445,24066.296501801207
3446,26035.820273431014
3447,22457.468265709827
3448,38042.55327642185
3449,17476.003328346607
3450,40301.85763600376
3451,26794.16887830029
3452,27721.321207749585
3453,29623.90410159197
3454,19089.513970244647
3455,45522.86728434931
3456,31791.271135174335
3457,16680.890183573407
3458,35652.831530893
3459,27517.12790698102
3460,19026.01889107933
3461,18181.04157457771
3462,24630.841795124066
3463,20520.82429855799
3464,22673.874288969357
3465,56032.72068395522
3466,27100.892058333964
3467,16312.643626993973
3468,25594.233310618692
3469,16763.389325978078
3470,17577.928341151848
3471,27803.304537701944
3472,17434.98155524976
3473,27550.113345540252
3474,20154.11855622272
3475,42803.49422401733
3476,17231.871144403
3477,37049.74562094813
3478,19520.52000922278
3479,16755.322368060624
3480,27883.55983531544
3481,16403.678164539317
3482,31914.74313070036
3483,20453.842158986186
3484,17191.244755685842
3485,15962.98774616801
3486,22330.85697871939
3487,41008.51556069783
3488,23938.551065577303
3489,18608.17706668402
3490,16726.253876715262
3491,49622.74297956179
3492,29934.732812608505
3493,26174.582036442916
3494,39533.72679551642
3495,16757.658260323326
3496,30664.458118279446
3497,27025.048420904895
3498,22040.911708120908
3499,16316.683093393072
3500,18906.787876478546
3501,17061.32581752744
3502,16769.6786684646
3503,18477.267235402534
3504,17110.620553766643
3505,17433.62385578102
3506,16643.53897250262
3507,20852.810025483595
3508,18355.028467281936
3509,28568.693571959608
3510,17070.48739462256
3511,17974.223366070913
3512,17440.784007989085
3513,28340.48766513786
3514,48578.52501498715
3515,26279.622909629918
3516,19239.745762101476
3517,16132.53738554619
3518,21817.989504162426
3519,17663.875585345708
3520,15922.046927062383
3521,16657.178097230753
3522,33661.07378295672
3523,44482.16830681005
3524,23572.73406628413
3525,24700.440216282062
3526,26922.27193609302
3527,36332.24190650109
3528,25016.582667079067
3529,26164.555184925895
3530,21543.79107771593
3531,16577.446397721396
3532,18573.984899416853
3533,22349.057968911522
3534,19660.3271044047
3535,17512.336268877883
3536,15961.585762267403
3537,29382.402188884058
3538,23478.336654005976
3539,32714.143108244873
3540,17172.528382666787
3541,29019.84331510246
3542,18728.871751923834
3543,21053.628530492508
3544,15895.069264923253
3545,51259.515184435775
3546,39298.79945965495
3547,26824.319073409868
3548,19076.68830982205
3549,25597.82594565068
3550,17172.1096163678
3551,31371.19682080385
3552,16009.339708358528
3553,17435.592425041046
3554,36720.19403173756
3555,35714.944227668595
3556,50693.188563509
3557,18060.52669368984
3558,19913.116932258057
3559,19555.966678048542
3560,22264.90288357025
3561,18553.56741698821
3562,36648.910603160635
3563,16708.530404718753
3564,27417.91321622684
3565,36020.34211538345
3566,19553.11385800864
3567,29212.107779538022
3568,17478.77680361223
3569,26738.15867457127
3570,15977.487337295244
3571,26014.147603353606
3572,18445.68346430736
3573,16391.911488480968
3574,16205.760158651901
3575,26652.142200820257
3576,19493.01237965523
3577,18335.377225431414
3578,23737.852490233374
3579,17113.997269056465
3580,24814.612491282922
3581,28729.936263795105
3582,17533.382804753164
3583,18634.77574775226
3584,32487.963689243268
3585,29429.64800414139
3586,18381.565922772017
3587,22032.0634806833
3588,17228.40094995489
3589,26387.996946574054
3590,23965.295707204168
3591,27614.300903374424
3592,23448.400956144204
3593,38445.160168870025
3594,34096.25916302814
3595,18801.917931741093
3596,20068.777759940258
3597,17701.811399104117
3598,27331.29211480464
3599,33661.91314297288
3600,16251.009739165
3601,30365.11244165409
3602,17780.48968060184
3603,16664.8734064088
3604,27577.193596010664
3605,24539.001326039004
3606,18290.150764879145
3607,18802.7632251509
3608,39399.83742611481
3609,21343.554117086234
3610,31895.801078381683
3611,18420.261964005746
3612,20955.38743805669
3613,17979.02561683728
3614,17045.37419650717
3615,26318.344206954996
3616,22734.792721551745
3617,26335.065102279794
3618,16311.42463159258
3619,28698.901594799845
3620,91304.16340286136
3621,33419.74053620802
3622,75776.410808223
3623,34123.421114772435
3624,17418.451411585414
3625,18011.445385744464
3626,26061.575256754935
3627,21189.143154417805
3628,18022.2452312595
3629,19962.83576514499
3630,21694.555493524276
3631,19670.70036377148
3632,19933.561031510588
3633,24831.825207529993
3634,29368.406201812264
3635,31789.508334608974
3636,29622.54737154224
3637,18637.37621090666
3638,25753.86364487343
3639,24086.542701467675
3640,24292.031008994283
3641,28913.65942657926
3642,26140.99665679146
3643,17283.985939991606
3644,30891.980570385866
3645,18581.242305262465
3646,16327.236187823662
3647,16563.561109087143
3648,20991.747484940588
3649,17655.193812867765
3650,17154.98018347527
3651,26976.014736840854
3652,21502.540999596808
3653,34174.491069464224
3654,33958.314241665685
3655,16388.712149273113
3656,28945.193519937206
3657,18007.81622697296
3658,21178.33463053574
3659,19359.156280442407
3660,20611.24745883482
3661,27350.228401848497
3662,31561.894302720397
3663,16877.565857367732
3664,25617.161698809075
3665,33812.13682487935
3666,36360.84734235616
3667,45788.9229877262
3668,30431.38227100567
3669,28541.69533847861
3670,18801.917931741093
3671,17562.436744155144
3672,16137.912016240145
3673,24755.095456119467
3674,29025.8188248001
3675,16586.93505977499
3676,23939.474730541333
3677,26975.525597354892
3678,18515.249808280823
3679,22349.40975544271
3680,48431.441792416634
3681,17051.23079520295
3682,31296.583636501804
3683,20624.22626498729
3684,31448.14978677784
3685,17761.45366433858
3686,31479.54960691861
3687,23174.052796109907
3688,16078.885459132292
3689,18319.82057384967
3690,33843.434835381486
3691,21723.338965374856
3692,27979.774668153244
3693,27838.3539923766
3694,23789.163093769814
3695,18637.013952710247
3696,16223.841259167712
3697,21983.348066513514
3698,27637.714373207797
3699,17336.413712487018
3700,25881.338180755414
3701,18994.37839724929
3702,58451.99166820274
3703,17717.859305241076
3704,35487.18289102273
3705,31092.607218525714
3706,34273.142671938986
3707,17711.188080527227
3708,17249.98974947176
3709,16895.858154881902
3710,29415.97928093448
3711,24558.98096182725
3712,25450.632708432062
3713,18154.71111191919
3714,36403.51098017054
3715,22621.327089799546
3716,17248.668344338188
3717,25749.1567058356
3718,27646.138179796657
3719,30627.153803934147
3720,32326.006413733092
3721,24986.686031547568
3722,38062.943983611694
3723,20187.367369902593
3724,20197.792877599426
3725,26988.710771129514
3726,25650.82942788888
3727,18693.69304268365
3728,24467.249464893728
3729,21294.429875562877
3730,23638.211988484
3731,26780.035990939148
3732,28821.054650291113
3733,19606.596954620345
3734,16089.771334497444
3735,25363.275051626828
3736,17432.73520778626
3737,26600.264438202656
3738,23451.560759514407
3739,16228.534516284448
3740,21527.743130539606
3741,23140.17963445351
3742,71740.67464005238
3743,35255.62439125533
3744,85802.56910763949
3745,31034.15044480078
3746,16890.0521532886
3747,17038.12918269412
3748,16256.35294363482
3749,17167.59389310827
3750,23333.048083640922
3751,26071.221798772684
3752,16989.969368562226
3753,23941.26733250362
3754,23896.805054244483
3755,18204.411937186567
3756,22234.546846128214
3757,17279.094794695066
3758,17260.913169068284
3759,23574.257410268838
3760,26192.91839668161
3761,25349.070347904213
3762,16139.751081564293
3763,31293.979008341852
3764,17121.61889787969
3765,18293.316591083625
3766,17388.09527010353
3767,23859.109372194172
3768,47981.43292633177
3769,36991.89984723018
3770,16707.68808660011
3771,17506.275776090966
3772,24649.77873095217
3773,45592.08388495799
3774,26854.545354086604
3775,33135.120986410264
3776,17716.890499658035
3777,27161.22644312582
3778,27673.705892571736
3779,16729.686738379136
3780,19023.4112236992
3781,43740.811346711096
3782,17024.174391712564
3783,16273.836125021915
3784,25523.379970870967
3785,27643.602419308503
3786,16203.010901836811
3787,16051.619173425956
3788,24778.044825733203
3789,17631.055552755257
3790,43831.31938625107
3791,16617.647536427135
3792,20566.56396848941
3793,20655.274663873242
3794,35874.98714644875
3795,17157.577885760275
3796,19820.833160078164
3797,25570.91363899619
3798,37700.01428842984
3799,17751.988479274987
3800,18351.16677266394
3801,21380.54210687632
3802,16022.090558643338
3803,23475.884520888252
3804,37160.688638273336
3805,36801.52277706777
3806,27075.15525808972
3807,37285.99795920334
3808,24657.4682655022
3809,16704.42797236248
3810,29046.9863796074
3811,16442.843087975343
3812,23201.825343612796
3813,20304.702954051038
3814,30088.82463857539
3815,16677.77198732852
3816,16605.308226315465
3817,32179.96683250275
3818,16958.533000185154
3819,20166.167725078445
3820,44591.27821799647
3821,18056.31945173995
3822,16219.856431557148
3823,19557.366837396705
3824,16021.91034716656
3825,28445.534914452288
3826,17000.977074914106
3827,17647.462701018507
3828,27291.281584962646
3829,16554.46430650069
3830,35524.99707473617
3831,19721.134852590425
3832,35983.96267149097
3833,18022.070346731623
3834,34233.28208271275
3835,23878.408016085246
3836,18967.588179864426
3837,28237.4075766872
3838,30338.61500433144
3839,18596.187315111514
3840,18156.81890875451
3841,22164.487550695172
3842,37661.73555002506
3843,24943.925868579554
3844,30775.96969758917
3845,20393.92755568551
3846,16592.55734123531
3847,31172.102478288274
3848,26173.515577123926
3849,18539.24167389355
3850,21222.26367193786
3851,36451.163597704784
3852,18005.07881727818
3853,19053.246355811632
3854,41399.84318851336
3855,16172.625990959732
3856,16163.351071912897
3857,28729.7205880572
3858,18336.7738361743
3859,16375.358659705333
3860,21935.421835247664
3861,19389.449874642767
3862,18219.902812891276
3863,17385.84999158802
3864,36768.997662320944
3865,31683.81066539081
3866,28065.487954874417
3867,25367.694751663414
3868,37883.86207825029
3869,15963.107891404974
3870,17281.303463576536
3871,18364.451422096517
3872,26608.097030132558
3873,34701.22396866732
3874,17304.194392240002
3875,16896.09788309181
3876,20144.588196165605
3877,17184.454591655995
3878,29557.674147886333
3879,33933.11217964641
3880,22276.270151703317
3881,26792.060066156213
3882,30840.626947728942
3883,26653.64815044365
3884,18294.998536097177
3885,23331.580414798012
3886,16163.581480182544
3887,58431.997981011424
3888,17208.345655383142
3889,18123.03340186787
3890,23512.79952566339
3891,39431.13743618286
3892,22708.828826746994
3893,51743.63135227849
3894,37330.69742373147
3895,17251.398607169576
3896,16634.702090074017
3897,28389.96286795188
3898,16114.334029649064
3899,23769.927345188953
3900,18992.092872057372
3901,26405.34149577929
3902,19754.535300410484
3903,26790.928672695536
3904,23045.42024898904
3905,20944.814991226285
3906,32352.169026912565
3907,18100.423146348443
3908,26429.29830141332
3909,28150.374078481076
3910,16840.6392535432
3911,21568.28412876986
3912,19183.28849554496
3913,16520.417888006945
3914,19870.25164330546
3915,17730.59300911066
3916,44631.86916333195
3917,20589.338715576763
3918,17751.137316588018
3919,16826.192222878584
3920,17565.725275997233
3921,16859.515669404806
3922,18119.50553442706
3923,20258.298761065842
3924,28642.173407674843
3925,17298.709187025535
3926,29954.81055884665
3927,16132.378753533058
3928,50610.7941157106
3929,25324.408000447915
3930,25166.28555227048
3931,30219.50117908274
3932,16413.794057651106
3933,18839.700471682572
3934,22297.466448854782
3935,37786.30229582999
3936,16856.68937831817
3937,33129.159577623715
3938,16992.91277522187
3939,30045.687278353893
3940,30705.960660487355
3941,17852.90022820125
3942,20283.938426417564
3943,16593.33643971951
3944,19349.07642206725
3945,25569.209535198635
3946,41388.00082242751
3947,80297.79419181278
3948,16169.431884668194
3949,30525.953277623034
3950,18042.329416313398
3951,26261.732213345305
3952,38967.36129500495
3953,24782.768311341824
3954,29832.041797701524
3955,19663.91912933366
3956,25978.891193794265
3957,18559.721063520672
3958,33952.779040926405
3959,27882.37897432326
3960,28678.22037152838
3961,27872.823281285622
3962,17949.279731932125
3963,16765.63930069101
3964,17354.91885203262
3965,15947.315600121601
3966,28059.503717091116
3967,25830.462798489814
3968,28308.534285467933
3969,16586.065760031674
3970,19621.86991580867
3971,29303.011504021637
3972,16305.483436861128
3973,25620.28469924968
3974,21711.997606653706
3975,16148.018389803241
3976,16988.35156146427
3977,23725.55615459694
3978,24909.040188094932
3979,16556.054548952325
3980,18834.83706906455
3981,89393.574354542
3982,16256.260538163711
3983,23572.226306830147
3984,17064.275390354298
3985,19480.02300200451
3986,17611.6073027856
3987,30728.884855558656
3988,32141.067180109803
3989,16113.641469264967
3990,24853.370152928783
3991,26646.12576519987
3992,23791.438410752606
3993,20452.688182803002
3994,19194.457893833478
3995,19801.757022399117
3996,22736.87257539521
3997,17210.40654016024
3998,25470.694488525896
3999,17653.327660216954
4000,20223.852256594586
4001,17212.78937469747
4002,43442.390112069545
4003,17346.803577915845
4004,25807.3599915155
4005,32313.49440240775
4006,15872.92520274385
4007,37582.31509020698
4008,22058.72350228686
4009,24431.76013673375
4010,21043.901970591865
4011,20035.91378553835
4012,28982.200797035224
4013,17042.32117403884
4014,23794.313846394376
4015,23718.314467133714
4016,23724.383303085317
4017,28901.773421070964
4018,17297.053478719874
4019,19636.010789743053
4020,18138.687349650627
4021,29246.026853823172
4022,36206.104400798555
4023,20900.245175623102
4024,17294.322846966807
4025,20979.264041123337
4026,26849.125772261817
4027,20862.824395100943
4028,18090.615052283858
4029,23032.678844772134
4030,24115.729348185352
4031,29678.967509619462
4032,25598.83971061641
4033,22896.534615510125
4034,24318.021699641853
4035,25374.1043622276
4036,24945.86808402395
4037,29200.578594577128
4038,16722.117682853444
4039,16725.6038442054
4040,22102.670863582087
4041,16047.608253363254
4042,17324.64976796672
4043,27277.92950203016
4044,16756.306786700334
4045,28599.115508276165
4046,17233.247698004463
4047,19602.90248394604
4048,16643.073021628785
4049,16583.672255457925
4050,18949.014616526725
4051,22390.955493221485
4052,25041.096872280374
4053,27617.289720384033
4054,20065.335605034856
4055,19556.107425714774
4056,21554.233997372543
4057,37696.05714398847
4058,18643.047871533206
4059,32876.21917939802
4060,30375.984536784305
4061,25585.19810559391
4062,33430.546903253016
4063,23498.96722954111
4064,26096.394527569042
4065,16777.044081434207
4066,16180.895955752105
4067,16883.63789247136
4068,16036.886442096094
4069,24078.228885536795
4070,43914.28263289199
4071,16670.831174342962
4072,31527.105291918135
4073,32879.28843018723
4074,22526.54776490923
4075,32621.3761462182
4076,33912.68455437932
4077,26410.632642392557
4078,21089.03294113179
4079,27570.54814266217
4080,17145.976469615944
4081,19513.72682613159
4082,18365.489500301075
4083,18595.54666979948
4084,23928.28686821666
4085,17980.33030185635
4086,16675.01316619275
4087,16632.665773825713
4088,24602.735319536456
4089,28131.20326438468
4090,23558.910301364405
4091,17379.403926027648
4092,16347.272017493062
4093,16128.820307308737
4094,20366.22634584658
4095,29152.08378046358
4096,53624.051630286405
4097,42362.35552085182
4098,35385.40822971998
4099,17887.309631818756
4100,18872.809988044588
4101,30969.330921455487
4102,24894.89981615151
4103,20783.44518063765
4104,20597.02759496555
4105,24770.363975824446
4106,21500.93214783835
4107,23673.479152659
4108,17418.871668461103
4109,21752.386459769543
4110,24666.41153367333
4111,18155.727163432533
4112,16930.977347094733
4113,20629.123062795745
4114,26360.529062534577
4115,17506.735939810693
4116,15944.705254244725
4117,23484.97282982185
4118,17333.317712121956
4119,26933.757156450873
4120,16204.082991245174
4121,23486.847479601274
4122,32253.784234396382
4123,22860.114710306887
4124,30485.769195304696
4125,18898.31087226246
4126,35949.2315402494
4127,40824.91765783538
4128,18370.582548899645
4129,23884.394639489838
4130,19339.602732679
4131,16338.182355706233
4132,16346.893067344528
4133,27113.670398932183
4134,23946.60720120822
4135,25023.173314071977
4136,18072.196550805387
4137,18882.01571025192
4138,19052.827433525374
4139,23539.63192597407
4140,23274.305325515958
4141,25840.451946706125
4142,82217.28764401625
4143,29850.807691281367
4144,31453.23993450501
4145,19117.381366995876
4146,22933.42856434157
4147,57871.173471836824
4148,29795.041731891062
4149,34843.3851005923
4150,21852.865370926847
4151,17338.274933383913
4152,25645.279649253214
4153,19692.166701820326
4154,23739.275367050028
4155,15960.757048390573
4156,18822.933518733622
4157,22823.99218375212
4158,27345.745749707596
4159,21008.245946581355
4160,24458.559858568893
4161,15986.674352729566
4162,69077.74946841576
4163,25660.712567202416
4164,27281.027908939803
4165,21984.147418952547
4166,18361.33406472692
4167,22924.31155572119
4168,24090.978238873733
4169,17179.843131160324
4170,16879.272746925904
4171,17477.391709679017
4172,23390.52894538824
4173,30994.328947972164
4174,18629.58541673074
4175,15969.999703121659
4176,17894.530994284334
4177,21210.708294646414
4178,27559.914288502066
4179,28189.88434647403
4180,26073.319068538094
4181,32455.94701090315
4182,29593.667906571984
4183,16040.00785684059
4184,29597.426077243697
4185,37601.062182171285
4186,26556.412230821436
4187,23820.519252736616
4188,21453.942727972564
4189,28874.794080664644
4190,24723.436357001785
4191,22577.382494337147
4192,20378.332780302942
4193,18135.03803295862
4194,17626.20566661714
4195,16501.331700558236
4196,16304.358246871792
4197,22656.219932274224
4198,21104.314296901295
4199,31205.593849930465
4200,22765.021290656838
4201,27073.900166228792
4202,31000.97579494911
4203,40661.6774559983
4204,18138.76236602665
4205,27495.961596166017
4206,25763.98526705486
4207,23986.115739759738
4208,32923.627885758986
4209,27626.403225685634
4210,25461.083592478048
4211,24577.4665185208
4212,16192.231703580379
4213,37916.50780228145
4214,19339.79180300479
4215,24959.97167331907
4216,24402.13942886973
4217,25217.272735115726
4218,16478.902255534307
4219,34007.35172621218
4220,18531.156632859693
4221,19386.322905994035
4222,18611.635183697403
4223,21138.392698747706
4224,18295.186415983982
4225,17796.90961906276
4226,16604.76597755605
4227,16616.353222633992
4228,16602.629727485833
4229,23572.226306830147
4230,20785.70385338186
4231,28118.888300465373
4232,27232.95330915682
4233,33719.030897423494
4234,22050.99795604007
4235,18060.58829129977
4236,28390.94816755721
4237,27982.337400654644
4238,23737.659386783354
4239,17475.16976695511
4240,26675.15902554071
4241,23854.89650361741
4242,27024.98139414824
4243,17467.8773530424
4244,30017.208831488435
4245,17119.87573388802
4246,16169.542584487526
4247,80945.74866147079
4248,24212.093942526437
4249,18885.092271547455
4250,16417.797538061623
4251,20136.118503598726
4252,18294.26303434284
4253,26681.306415341132
4254,20503.052324121738
4255,36399.666080323404
4256,24460.63775708325
4257,22342.046842961314
4258,30580.218482739016
4259,16678.920359647484
4260,25100.54996551696
4261,41561.11088519182
4262,20116.166889231507
4263,25331.082262041848
4264,23506.66177372599
4265,34032.022371742336
4266,31401.137620172405
4267,22408.973728946927
4268,16867.445946685493
4269,27000.857927018034
4270,19144.786964278454
4271,16060.321078694988
4272,57407.32936513248
4273,24739.674989825096
4274,27313.311664810837
4275,25261.581132405394
4276,23862.080851262228
4277,43346.92411258131
4278,17203.126117032967
4279,27214.072231769787
4280,17588.312629946224
4281,22743.720282045197
4282,36984.98005685888
4283,19054.72205909648
4284,23652.35687358487
4285,25056.423331246646
4286,54838.37428275909
4287,16763.610002578065
4288,16602.37106931666
4289,16708.530404718753
4290,17159.71781648692
4291,24018.033182114057
4292,25264.169462268255
4293,19286.395831444843
4294,28093.232955615444
4295,25603.97205283785
4296,27831.825093123178
4297,17229.714439767
4298,22767.58022929005
4299,27626.036965648284
4300,26367.424392387766
4301,21181.89953765248
4302,20897.14227731902
4303,17159.432315861613
4304,16990.825917040376
4305,18899.742116245434
4306,17635.531473445146
4307,31479.97192962304
4308,36105.297913721246
4309,25090.19680271905
4310,29375.873493351326
4311,32611.09578483486
4312,16384.86186197224
4313,17308.684124839816
4314,28749.527177206226
4315,22243.004710667024
4316,16503.796501068176
4317,27981.302224673927
4318,16289.970797008702
4319,16248.362451019968
4320,20333.84730410952
4321,37444.315589615384
4322,27223.513719403127
4323,23219.97391540347
4324,20505.583877618614
4325,16290.92881171136
4326,20038.89213610641
4327,32345.586535882194
4328,20138.586623935644
4329,20692.586336603654
4330,43756.413980569465
4331,24589.684555923814
4332,30449.932257579592
4333,19574.43149056891
4334,15934.721351066413
4335,20229.478283946966
4336,54350.87114680614
4337,19577.437596008258
4338,16477.9298127381
4339,18538.5093707209
4340,19236.103647377357
4341,29119.28190970343
4342,25918.200408810633
4343,18974.62104708353
4344,19131.857860577056
4345,24769.126840255856
4346,23529.07588745375
4347,19217.12807672793
4348,27264.629447211897
4349,35511.409192159816
4350,31279.667294586565
4351,24226.5461145392
4352,27369.015113241756
4353,27755.423791699715
4354,29336.466895214013
4355,26164.75127445519
4356,16723.646376462104
4357,16489.383668500494
4358,16200.567381052953
4359,23480.06589407191
4360,18792.81037858002
4361,16491.596150585832
4362,27039.654680024338
4363,16712.442272220203
4364,20682.94296736593
4365,17955.638405974176
4366,26261.15565697594
4367,16020.913768365419
4368,20660.580160235182
4369,27001.184247354155
4370,34048.43379182946
4371,24372.615820341565
4372,25242.6815742224
4373,43914.31687473346
4374,18709.580231737134
4375,27722.972197666782
4376,18711.920690764193
4377,21243.074459217092
4378,32046.247116315495
4379,26736.16619331694
4380,17996.443577084712
4381,23243.254552105
4382,19191.25681664499
4383,39405.43135128327
4384,17386.297989278002
4385,26478.97597368686
4386,24383.952989811718
4387,16584.8725889169
4388,21475.44047854689
4389,18354.851976359067
4390,21813.464396470365
4391,19118.99161567702
4392,21628.837051028713
4393,16575.080296367287
4394,24415.350478285367
4395,16789.760542402193
4396,23966.775130837224
4397,17167.947520312326
4398,26123.615890790534
4399,16833.10299605394
4400,19313.688302304625
4401,28753.45649160644
4402,27368.407351661204
4403,17684.84879490031
4404,17482.433406819942
4405,26893.723248634204
4406,23608.27142163341
4407,16399.99833235592
4408,28490.7251703365
4409,26359.790077867427
4410,17556.44705179571
4411,28715.12741830591
4412,18402.409420782216
4413,20944.32722097427
4414,29081.943668748514
4415,17102.247913840583
4416,37986.4389973349
4417,16129.181000643295
4418,35205.474623974085
4419,40151.686791408225
4420,21815.427919292913
4421,19135.428113931688
4422,74532.56230436033
4423,22282.85850551885
4424,36038.42020148809
4425,32180.030599255246
4426,39310.42631242308
4427,18390.51647674755
4428,17289.896968994748
4429,18366.52975977711
4430,19128.813854073316
4431,38689.14542903609
4432,27010.6975712675
4433,26540.765710300177
4434,23462.592544577772
4435,21529.924021683008
4436,18828.015253075206
4437,16469.45166855154
4438,16898.957210012693
4439,26368.612933995897
4440,26761.718918083483
4441,27419.249357919747
4442,29217.518236793872
4443,19523.212581371496
4444,25569.7929321645
4445,24065.71940792551
4446,17544.310735786996
4447,41135.415447058294
4448,28501.772296018837
4449,20122.076377456113
4450,27684.359814926072
4451,31289.77781566668
4452,16681.073023617457
4453,17971.164417218082
4454,27375.285731679938
4455,15984.864366886322
4456,16204.388927108941
4457,25616.44362646029
4458,16497.601013116484
4459,18907.49937369988
4460,25326.150386792637
4461,17259.228786500644
4462,26733.4322829695
4463,24961.37742364722
4464,27919.177817903616
4465,17951.83500170785
4466,28265.956767628973
4467,22320.022508712973
4468,17019.055654718697
4469,26106.184807200843
4470,28074.364609052805
4471,23931.580270376653
4472,18081.6084140462
4473,19834.504041907214
4474,28418.517390083405
4475,23730.01554163488
4476,30565.051132942823
4477,27480.68370466184
4478,16166.530105730288
4479,23228.493624618688
4480,18709.237938024056
4481,18173.746926548116
4482,17449.44537734065
4483,17369.276217856343
4484,23762.911902378095
4485,19236.223849229787
4486,26240.381040782486
4487,34961.66272732419
4488,22109.630330329
4489,26286.35587923163
4490,18809.119411583088
4491,16485.798874666216
4492,17197.41658917002
4493,19105.74205923921
4494,30666.193897691977
4495,16933.272146738225
4496,32227.950810819577
4497,16570.221326291434
4498,18877.411847383417
4499,17580.24769761241
4500,19503.504487946997
4501,51074.37734309572
4502,17666.647376694757
4503,18453.42581954662
4504,35171.67635069575
4505,16887.890342402217
4506,24153.92989746905
4507,18229.31004476864
4508,17552.531797965046
4509,28104.127042169726
4510,24427.094241368093
4511,24373.182320994194
4512,29567.229947070726
4513,18397.678274606278
4514,17602.891967149237
4515,16847.855019758637
4516,24379.158883338805
4517,16403.40518988909
4518,46900.74999032058
4519,30264.912194994464
4520,30533.451310553217
4521,17510.71947396403
4522,16784.84967174549
4523,32144.594499107876
4524,16161.07618372561
4525,23533.805280115426
4526,21712.06023344329
4527,16718.735185020985
4528,17283.800876942434
4529,25561.250545146795
4530,16686.68028846291
4531,33189.750320155516
4532,19297.064709621372
4533,24074.904483971502
4534,20856.98027697924
4535,22237.588395743056
4536,32351.3335738101
4537,119365.4210193043
4538,18231.170780568216
4539,17320.345717421955
4540,18686.007506278733
4541,16944.200528035355
4542,36796.781037766064
4543,16843.547466086227
4544,15881.99135824688
4545,69454.6196988074
4546,16488.083321316823
4547,31860.109058091744
4548,22306.837623951335
4549,25125.984410697798
4550,24626.5795100936
4551,16409.081877895158
4552,27813.334043646577
4553,17839.20771765429
4554,16674.687454364852
4555,19143.63597505091
4556,19867.283651921978
4557,16568.583560271934
4558,33875.061231617685
4559,18289.69651827448
4560,23724.08746958554
4561,26004.27250471061
4562,34437.53322488372
4563,27111.475543094668
4564,27440.506598074702
4565,20290.14401609271
4566,22382.8618604493
4567,23658.79624360925
4568,24004.242770161523
4569,23529.343336715992
4570,16680.92065677491
4571,20065.007542987438
4572,19227.39647489027
4573,16603.178711015193
4574,25223.348936794922
4575,43997.87082766793
4576,19402.99773354621
4577,16738.465593528435
4578,22763.394438350715
4579,16990.825917040376
4580,19897.481600325
4581,16181.606030424364
4582,26206.041793536526
4583,27439.23484597603
4584,18309.23539097234
4585,28196.55873164958
4586,18811.458352521004
4587,18394.50890031551
4588,26376.471089562547
4589,17389.33068691809
4590,16434.187902420756
4591,16513.92077031567
4592,16872.985082784824
4593,18222.838803173992
4594,16257.721438368484
4595,25974.63035297866
4596,19138.064437725225
4597,24213.449816177126
4598,20543.303752925814
4599,18770.94875860676
4600,19469.83274245773
4601,18499.02989977723
4602,27919.85946979512
4603,18301.93087794132
4604,23291.2125213754
4605,50814.91445874488
4606,44584.96763044716
4607,26675.937028074506
4608,17740.29178283765
4609,19156.197906566
4610,16832.83500954407
4611,17633.1901704822
4612,16423.41314555682
4613,19051.79432389363
4614,27860.391618883306
4615,28497.18682528349
4616,17758.29230344593
4617,17043.954077543705
4618,18796.91859016348
4619,22947.77112448029
4620,23278.99540270407
4621,21200.550573261804
4622,29527.238373569304
4623,20089.46234727951
4624,22716.536352827534
4625,16466.763335885087
4626,18515.887130925916
4627,18559.543816238078
4628,26588.21481304307
4629,36739.293138937865
4630,23714.571850383043
4631,22792.958456971246
4632,16912.255025005314
4633,34405.975132823565
4634,29031.36820434464
4635,18201.585333625982
4636,17582.65909167884
4637,41177.45360852699
4638,20064.426341025548
4639,20079.01174814727
4640,32595.74223045574
4641,22991.885930334254
4642,80795.51903439601
4643,35411.02277117833
4644,16269.271689574465
4645,26454.070882331936
4646,19513.72682613159
4647,19554.63827040631
4648,37158.79275477979
4649,27485.629439685534
4650,17691.083682918925
4651,27726.17620558879
4652,37599.25789525896
4653,22476.256264967426
4654,23900.834904792213
4655,32873.38857693051
4656,16074.519322355587
4657,36934.26913638681
4658,28427.5188108861
4659,21714.782171667022
4660,19436.84288677458
4661,31378.022225426233
4662,17754.26758976453
4663,18997.661610865074
4664,17039.02217780413
4665,28621.675298537008
4666,21390.793858123656
4667,19878.573949104877
4668,16953.768863554775
4669,37862.640421874945
4670,19452.329198893545
4671,28962.506232601554
4672,29179.41001914481
4673,23003.630549751317
4674,26294.013570838255
4675,27453.848359562802
4676,21766.563772514528
4677,29560.778875877048
4678,24036.74727754985
4679,21653.257534581793
4680,16171.978159843558
4681,18794.189122239408
4682,30996.043804041743
4683,35789.82174917295
4684,16695.927075545118
4685,18599.001008018164
4686,21433.574311336193
4687,27223.886415023477
4688,24822.62098231415
4689,16515.840100209836
4690,17806.08714805698
4691,28037.41485674449
4692,35362.01402361052
4693,17293.45845642605
4694,18899.435411982005
4695,53359.845276276
4696,22061.2321613258
4697,35615.875426314014
4698,17867.910139715208
4699,20985.11766118539
4700,17219.467962282815
4701,22277.991444049203
4702,28301.95370632435
4703,18022.634958932766
4704,27107.282138975173
4705,17011.55149213822
4706,39640.654330319994
4707,20522.905971316894
4708,31923.489862061895
4709,25862.619707185408
4710,26164.17736888922
4711,16375.61963562775
4712,16026.032375427618
4713,16054.181428828077
4714,22095.436285367465
4715,16458.238682799863
4716,17489.067058737615
4717,43783.244033513656
4718,43441.540700195816
4719,32131.449345592835
4720,18174.72357040144
4721,26389.079232526834
4722,32362.110532988172
4723,18526.198236545395
4724,28204.13934715279
4725,17355.63014302011
4726,36376.01309064685
4727,27486.254713348702
4728,17442.39614063488
4729,42510.86162308077
4730,20146.629936390786
4731,16706.952333396937
4732,18631.417414627667
4733,25974.00867958972
4734,17507.1391022564
4735,16480.640020413834
4736,19603.761515390215
4737,22241.752200886098
4738,19454.184874125494
4739,16812.170354829494
4740,106089.1736195878
4741,21545.748912624364
4742,23616.073142001038
4743,23502.3722853214
4744,26633.603025687586
4745,22608.346346705115
4746,17078.955059067426
4747,23767.43196529982
4748,31171.325333371627
4749,18980.85911180092
4750,18264.11630756176
4751,16460.619446802826
4752,33940.34275285375
4753,16602.186191819033
4754,19449.83134629138
4755,23376.558497280148
4756,16322.86509068682
4757,19303.145974326955
4758,17973.03419021591
4759,16166.90105838421
4760,16339.611775037522
4761,21685.004246965476
4762,17078.45710385008
4763,26411.261216158277
4764,21367.791671568433
4765,23646.780938821084
4766,23499.969834865304
4767,25854.707194185517
4768,18894.641541877558
4769,17006.026302463437
4770,16028.194677216914
4771,17017.545018138357
4772,24191.81031613678
4773,25757.113268988443
4774,16712.084237388703
4775,21805.578763229638
4776,19647.713049690214
4777,23723.380041115106
4778,24006.734942598458
4779,32352.39051334031
4780,28348.24313617415
4781,25432.036210094382
4782,25236.877661195347
4783,17484.59580954357
4784,22197.328133837582
4785,25467.419161860696
4786,24075.09866213416
4787,17331.658877675764
4788,17402.11016019008
4789,18830.228883436415
4790,18026.281384014736
4791,32819.90002391306
4792,17608.43185825535
4793,23292.624900742387
4794,19140.423101826524
4795,16053.000632488965
4796,18772.105422733224
4797,19344.698801051527
4798,16965.81063103178
4799,18113.234179079333
4800,18068.937261742263
4801,16757.760141567098
4802,26928.207735736636
4803,27591.031784176077
4804,31657.448865690567
4805,16323.56136647251
4806,23222.1268880283
4807,20628.066060008423
4808,19513.72682613159
4809,32702.541257074634
4810,16366.455869463694
4811,16731.57956705715
4812,17637.71920495314
4813,33371.73054045432
4814,41175.42459745549
4815,21445.802921881197
4816,23984.288243719515
4817,22211.6848865323
4818,26104.964272070363
4819,17554.87230394422
4820,16808.77638581465
4821,17457.620009302922
4822,26770.11468915132
4823,19009.346275336546
4824,18442.899630637825
4825,18217.895689711517
4826,17726.27334313121
4827,28122.45528219473
4828,39996.62651838947
4829,19224.925402196965
4830,17190.877881367072
4831,20302.173972718967
4832,19349.3624230169
4833,20644.41242545342
4834,36736.07819826461
4835,23183.58474216815
4836,20704.44022693734
4837,16311.58008466215
4838,17926.77458044506
4839,27783.026873813138
4840,29582.407525763367
4841,31645.643876077036
4842,27901.28905551708
4843,22174.531137555077
4844,17358.5548792825
4845,18378.520434786744
4846,35339.619762508235
4847,20436.038912858017
4848,17555.463724116
4849,16189.552949893634
4850,30286.607296204027
4851,23550.37925684633
4852,21033.626090104164
4853,17059.22129391825
4854,37193.783592651016
4855,19558.104636363994
4856,16817.83890995453
4857,16048.34790178158
4858,23409.979243849826
4859,18459.12728788235
4860,17203.31153735205
4861,36715.531837864924
4862,16036.326827021
4863,21856.78516390357
4864,24648.374575302332
4865,27342.604807143474
4866,27195.065635607494
4867,39932.33965119742
4868,39736.77248692094
4869,16339.058113863754
4870,18630.020585353363
4871,22208.692271038584
4872,25785.36640919677
4873,16771.41372147763
4874,25072.977106172453
4875,39453.71674544553
4876,39143.523916495564
4877,25364.36217978823
4878,40819.68650958317
4879,33952.418107569385
4880,35689.0517131439
4881,33228.01171068061
4882,27861.646932699394
4883,39770.97090775411
4884,80848.85939782586
4885,16966.50962178312
4886,22301.2787235411
4887,26405.616211247172
4888,22842.054546454867
4889,19186.559005594776
4890,17485.815295177435
4891,36613.8165139837
4892,20027.620365431627
4893,18793.487259151403
4894,28249.20823867653
4895,18389.3102682724
4896,17026.407036274002
4897,22532.118816718445
4898,36084.65100333428
4899,16625.252409726116
4900,20173.418173382095
4901,20678.986416220832
4902,21417.05430145699
4903,19928.537286701372
4904,23183.634595795626
4905,30729.94014488225
4906,19506.76378274641
4907,16990.555165991274
4908,17470.476067445707
4909,16136.737872139222
4910,16184.673605887536
4911,24187.042724474522
4912,18953.94719466324
4913,18800.72659682048
4914,16946.710315167322
4915,34286.74968316574
4916,24862.093397587894
4917,22830.128912353077
4918,42172.576736021525
4919,39721.109199821425
4920,20868.266722064895
4921,17087.457222182624
4922,18859.575261949427
4923,21478.614007608325
4924,31252.244802004483
4925,21228.401171826754
4926,17089.201918504896
4927,32611.356510379035
4928,16399.767066646873
4929,22179.698252651153
4930,24297.59627010457
4931,23572.226306830147
4932,33323.217032011555
4933,20512.74008728374
4934,17520.74029308207
4935,23670.073864450755
4936,23790.44177300127
4937,17016.29277667387
4938,25640.82833475647
4939,28443.203777264203
4940,24431.776161954378
4941,15946.349637926838
4942,18036.88719307862
4943,40026.840874764624
4944,39442.94836046885
4945,17951.671570119408
4946,31725.571754402332
4947,18792.33581035162
4948,17613.401941909662
4949,30421.590675926513
4950,17828.496586945497
4951,24350.753404605097
4952,16796.466258269553
4953,17463.739532167714
4954,28918.125869364616
4955,18394.31598759154
4956,29431.565479990313
4957,16756.09038009244
4958,22592.227780187786
4959,17271.531860557705
4960,21988.133534340595
4961,29946.486758119085
4962,17558.309665087254
4963,17517.20926884403
4964,17497.65741789407
4965,41334.266081125774
4966,16726.06871564268
4967,19311.840168477138
4968,28227.98934750655
4969,24472.68647935759
4970,16226.607291019127
4971,15958.521356092142
4972,28295.169042160338
4973,34330.33126036532
4974,16819.052002944893
4975,18288.583799661334
4976,16244.368983702874
4977,36239.109404176685
4978,23567.347624663133
4979,16990.825917040376
4980,29741.671180462505
4981,20947.38831947724
4982,24573.057959274694
4983,38420.81901596117
4984,16811.31387778884
4985,23709.212358913974
4986,17282.166841073897
4987,26141.616894805626
4988,16681.645501912506
4989,21120.801419312145
4990,24775.062322241756
4991,27776.045100360956
4992,22262.5721233585
4993,36558.37346276704
4994,18605.99829999556
4995,27795.59109878335
4996,26470.553010898144
4997,46161.96378226915
4998,17827.578627533614
4999,22663.09900421012
5000,19613.082043577964
5001,19628.921249786006
5002,27355.353701872067
5003,27910.762680522996
5004,38031.33351047665
5005,25198.48824646795
5006,18585.071559494154
5007,25893.64946747804
5008,25596.631984023745
5009,26096.185589513
5010,20329.080569111284
5011,16171.768303654719
5012,20123.43457432144
5013,16719.858047625337
5014,30743.067323888878
5015,17339.193637105418
5016,23438.60767562594
5017,17441.088100106423
5018,26743.637571832263
5019,20908.873940980215
5020,23839.92238049428
5021,22601.940367992735
5022,19320.6359137274
5023,24013.94959831391
5024,28251.4317137234
5025,16331.90108362925
5026,43732.426338700425
5027,17982.22947346181
5028,18462.65594035752
5029,28461.13098077761
5030,16970.23754454044
5031,30060.855308561924
5032,22460.263483158367
5033,21445.44469908805
5034,19703.803713965586
5035,16599.25176682205
5036,17607.097926733084
5037,33877.85859383228
5038,26277.185478039173
5039,20851.916396467113
5040,16612.048883742333
5041,20339.528192368467
5042,20166.71543767569
5043,28342.40701866196
5044,25524.997687148563
5045,18989.91652704539
5046,26431.024324050948
5047,17371.279658876065
5048,18761.39018601341
5049,23345.132571489525
5050,16544.780073157614
5051,17877.294367902407
5052,19424.497559300245
5053,24322.156183138653
5054,18451.465912622793
5055,17304.626714492748
5056,16317.415416113323
5057,16326.669214725665
5058,22926.13091334062
5059,17786.810914179234
5060,16899.428541808513
5061,17289.235064991986
5062,22587.52257148047
5063,69185.440585446
5064,17468.56894557402
5065,39726.23922377599
5066,18365.855711585627
5067,21251.9714433029
5068,28306.625181628984
5069,17773.398296373172
5070,30799.50371306075
5071,25993.595396777244
5072,56859.76355146826
5073,31756.726179115725
5074,28994.437613181573
5075,51070.61907904835
5076,32892.51873615856
5077,23742.256350969084
5078,17045.25545532843
5079,35141.32004814294
5080,28122.315426922138
5081,24618.33752184178
5082,17107.01333832195
5083,28152.289778021193
5084,24862.421067995616
5085,18815.32805328116
5086,23711.88241178441
5087,28802.782216934494
5088,26322.951788873303
5089,20053.233704905604
5090,31128.621650466954
5091,50116.21474047287
5092,23947.208479567056
5093,32990.44432750588
5094,24481.77724703612
5095,16429.642670798137
5096,16184.632683814121
5097,25886.221378789076
5098,17284.855977109015
5099,20284.24138678756
5100,27331.42425574648
5101,19847.934512314467
5102,19045.962561253342
5103,23227.202597523814
5104,18195.47259646198
5105,18702.470780686803
5106,23751.66447957625
5107,31823.25173323051
5108,30498.329970417366
5109,17571.87315568368
5110,33478.23060355962
5111,21356.6734202389
5112,26070.454011769336
5113,19248.379205177174
5114,17115.83007092791
5115,30623.253896407503
5116,17265.88896699811
5117,23230.28440170975
5118,20765.319399905035
5119,19632.900799628707
5120,18000.317201544545
5121,24836.360591717214
5122,40776.71653212777
5123,27422.370171495633
5124,23256.87913225121
5125,36875.508381595064
5126,23758.135757212603
5127,41387.14281029644
5128,23778.23410882851
5129,38589.77443314487
5130,31746.808359672417
5131,22123.643833785176
5132,21242.192761804992
5133,26295.17434073847
5134,27079.515108644835
5135,24715.229129699368
5136,25576.650931940087
5137,19245.245148809925
5138,18357.63187057663
5139,28361.527671724863
5140,17434.42204980249
5141,29229.646678888123
5142,16824.167413769446
5143,23263.513311592073
5144,19065.117002915966
5145,32184.569416084796
5146,17944.635484365466
5147,28115.122798495348
5148,16736.74761586061
5149,24076.813008981666
5150,27793.367994446035
5151,36399.84456632161
5152,24336.189489943343
5153,18840.06141422281
5154,34444.01285820883
5155,41899.426670866764
5156,23129.169160382695
5157,21565.33797345228
5158,28269.94305273118
5159,37752.22352477872
5160,22924.70187039352
5161,25145.38128024514
5162,16499.346393423886
5163,26181.34012914458
5164,27699.268563687227
5165,20263.022328322146
5166,29812.181006462804
5167,15907.29395538782
5168,16090.055459903775
5169,19386.750560189652
5170,29926.823681812868
5171,16352.97309065524
5172,26130.86757971613
5173,17032.447636819557
5174,19463.750064319825
5175,86445.52799515416
5176,36314.53093202421
5177,16258.724607417456
5178,18316.984349776012
5179,25547.133024776223
5180,25042.40020591183
5181,17304.532411581593
5182,17979.824967689197
5183,16606.966291559558
5184,20513.61698477936
5185,24550.60636037991
5186,20370.357296561815
5187,17931.20573503201
5188,17618.121861472177
5189,16475.980188738402
5190,17584.2684702607
5191,19527.93076439448
5192,16722.315379823707
5193,16774.952195369235
5194,23453.682282457452
5195,27998.62370180794
5196,17235.323056552807
5197,34274.29060852057
5198,19352.809534414675
5199,16624.45180061108
5200,15910.390961373505
5201,22219.44373786152
5202,16095.688418712898
5203,21206.15643074371
5204,36627.697453585075
5205,16031.654224308828
5206,17795.594527224628
5207,30589.009130862465
5208,23714.71000087861
5209,26567.78633353295
5210,26297.49697811594
5211,16552.211049904203
5212,25052.00277835989
5213,26691.373952148075
5214,25249.46259309323
5215,24751.178356447905
5216,27829.006725111143
5217,16565.019855370083
5218,19912.407926103042
5219,29556.95386626564
5220,26267.58090513918
5221,17172.835327710716
5222,25023.334832976834
5223,29387.105352830826
5224,18695.55342037634
5225,31863.81979996031
5226,16681.073023617457
5227,20273.25240715223
5228,17966.48049019309
5229,20387.273630681215
5230,16430.241343551632
5231,16417.515452651376
5232,17942.77813061187
5233,17216.3885646304
5234,22323.742741666345
5235,25592.195134017773
5236,26012.92014448781
5237,17992.90489552904
5238,23635.47658476611
5239,35025.48322109381
5240,16261.736632291027
5241,21537.24279223472
5242,38062.943983611694
5243,43168.78813150755
5244,29474.81489034751
5245,21884.369790606073
5246,25620.103126769853
5247,16808.778582146108
5248,15946.025025267716
5249,22026.75442060445
5250,17814.5066490385
5251,22400.472609887336
5252,19884.3085854487
5253,46348.97760174028
5254,17254.77667630234
5255,23597.032620433463
5256,26230.918039926764
5257,17479.145787055913
5258,23195.851777127602
5259,33900.270476968886
5260,16230.630311006304
5261,36982.898634237485
5262,28282.84759819203
5263,17851.273792951564
5264,22307.31270953452
5265,18503.462479345028
5266,19266.270595834587
5267,19189.90090418912
5268,24215.22572143555
5269,25282.956256241498
5270,37679.34243223842
5271,17548.8233770977
5272,27587.407764393745
5273,38063.043258658865
5274,27775.960270010924
5275,19299.779800721386
5276,23019.077543944597
5277,27250.389880409475
5278,20099.22944018535
5279,28538.435340768865
5280,47030.07977369696
5281,17826.718937104677
5282,22550.585293706226
5283,17188.56038469367
5284,24095.015676198866
5285,22267.576625664708
5286,17603.90053914129
5287,18076.574347610596
5288,37776.30040457765
5289,16713.47967448329
5290,20038.124273435875
5291,18314.70551432303
5292,19964.097367099548
5293,37964.02444807962
5294,17281.98013200529
5295,81785.73177220991
5296,17603.04768735678
5297,30637.679513677245
5298,24060.564077929084
5299,16911.115949267063
5300,19926.340772876894
5301,73551.49821823704
5302,17464.912710578436
5303,20154.75066638628
5304,25647.383968293012
5305,32132.29412007479
5306,18194.4519152372
5307,17418.19042351137
5308,18985.63031984191
5309,26987.79554457088
5310,31244.880466591658
5311,17659.73941569423
5312,21779.175887578243
5313,18959.48666513804
5314,27600.7008228263
5315,22668.021480088322
5316,26925.82366466648
5317,37929.17028065111
5318,22700.111387689343
5319,17923.402352268662
5320,41780.72171257502
5321,21468.69039968068
5322,17371.161562446363
5323,20693.569065158263
5324,26577.448559260185
5325,18784.779476426535
5326,34330.839018993596
5327,23532.749723704666
5328,18290.838554324266
5329,23796.70745344576
5330,18737.615160959853
5331,23647.66931891884
5332,16508.000373233423
5333,34596.861625824684
5334,94689.06440549572
5335,51488.09851244531
5336,20457.772229875914
5337,18291.60197464292
5338,24005.258860533413
5339,16754.931081803043
5340,16828.747821064742
5341,20495.261469565896
5342,22328.263747003344
5343,28292.405078705553
5344,77209.83524767777
5345,25242.02501701568
5346,17234.98917494795
5347,19044.73439458206
5348,23369.673454907115
5349,24076.1691177886
5350,17336.477368862412
5351,22002.71732216591
5352,24098.7278279746
5353,16721.6611547167
5354,17143.403798251686
5355,16714.69106090709
5356,27010.2284793101
5357,36043.116285128825
5358,33132.88731499692
5359,21441.278720961967
5360,23669.586090656387
5361,24998.648585892333
5362,16997.85631876065
5363,22875.622137902305
5364,23821.1635785142
5365,24295.098600267007
5366,28657.764823442234
5367,16483.633531958843
5368,34037.31676177868
5369,17805.640091054716
5370,23771.552787506593
5371,39907.33856676957
5372,33554.92929803998
5373,17301.972320309258
5374,18650.403422825533
5375,51901.604076419004
5376,18971.679957677356
5377,24110.51716668773
5378,35453.891082800925
5379,18802.118055718845
5380,33330.47822118768
5381,50072.62145006443
5382,16637.05466472545
5383,17898.386664295598
5384,26065.45031198315
5385,28374.35699285683
5386,54909.99547555827
5387,90416.5514800165
5388,39098.466082471874
5389,20584.53482757687
5390,24932.201925202557
5391,16026.798579554159
5392,18899.435411982005
5393,16410.454495109643
5394,17525.5423326533
5395,25793.436025791176
5396,17722.34046639155
5397,26427.75147494473
5398,24754.115914552425
5399,25298.412395958425
5400,17448.129358555412
5401,25857.750152083525
5402,28793.059448508026
5403,19326.77170493317
5404,22061.986789486593
5405,21204.395855893024
5406,24344.64943553399
5407,76831.97172919326
5408,21190.823597744573
5409,33603.86537649282
5410,16210.45657608156
5411,25241.672213781087
5412,17883.619830668846
5413,23699.771268821667
5414,21124.63074864089
5415,21083.25040589843
5416,26837.17318578559
5417,18332.8640693875
5418,17681.133949876817
5419,18783.252321497544
5420,25813.88090167318
5421,30692.61123227621
5422,24882.893411091158
5423,17641.21133201159
5424,18979.441765056414
5425,21916.913812476705
5426,17207.793882856775
5427,16283.68375531698
5428,25756.22656612253
5429,23980.008600731187
5430,34923.56485119559
5431,20214.303151494452
5432,28470.37343504271
5433,28741.250047185276
5434,22587.92299482412
5435,20579.480753760017
5436,20460.918488456922
5437,17583.33204104726
5438,23961.215457065297
5439,16027.877005116272
5440,18719.567221656223
5441,40157.48145763009
5442,26070.87460724702
5443,17725.824056976606
5444,18501.319746499903
5445,30600.707156009375
5446,20313.93863538834
5447,38062.943983611694
5448,16151.368796495619
5449,32050.70686137213
5450,17587.328720094938
5451,25428.43948123381
5452,36037.654689597985
5453,26545.27485836157
5454,22823.899447767224
5455,24791.341687102737
5456,24611.256079639457
5457,17796.54890175286
5458,19652.65415699217
5459,20445.66852820747
5460,22990.54565471524
5461,19468.859962311828
5462,23527.66227173302
5463,32520.629222236857
5464,26459.607249782624
5465,25067.7726461266
5466,37192.43525124394
5467,27588.35293498703
5468,16898.67471163042
5469,19128.26747362766
5470,25847.252320690313
5471,19759.889417318136
5472,25306.35928543288
5473,28088.718994970946
5474,26468.058391179544
5475,25346.303022926022
5476,27888.93833563776
5477,18463.58363587649
5478,28351.237484146834
5479,17876.67522948689
5480,26080.100910551344
5481,33519.49706302143
5482,28070.582930076125
5483,22695.218623015557
5484,17816.623652946917
5485,19273.963800242942
5486,41101.69416640093
5487,16397.48051062626
5488,16764.52952133048
5489,22203.26767414089
5490,19520.230492835228
5491,22850.096888327047
5492,20312.091291897254
5493,16756.223776614846
5494,30539.495545236663
5495,25809.138400334476
5496,60243.12619910165
5497,19754.095860321813
5498,25523.48317383123
5499,16837.633568856527
5500,34091.67258045663
5501,17209.956535835132
5502,16396.108239458328
5503,31262.41977674961
5504,32976.11177435418
5505,39836.73134030742
5506,30827.88746787562
5507,17649.934363623448
5508,21397.291293121947
5509,17187.362756114308
5510,44405.51947807379
5511,18172.083800629498
5512,20103.42042432071
5513,16478.401378203806
5514,35068.55588782116
5515,30188.366901570917
5516,33515.41450078982
5517,22472.756370972118
5518,36773.31455235946
5519,27915.050577419468
5520,36660.622486696804
5521,16115.10910595694
5522,22392.1140731096
5523,28569.7583469507
5524,27916.038064414075
5525,47089.10438353339
5526,29252.8005611102
5527,42588.05801108792
5528,18021.285401009776
5529,22620.486506929563
5530,16328.200840597026
5531,16985.083823957033
5532,38059.87212437588
5533,18319.47481021927
5534,35651.09379188467
5535,17616.350867542747
5536,18896.686984379994
5537,32294.807951236104
5538,25730.775480170723
5539,27147.999681335463
5540,31366.733108617416
5541,19341.09439446736
5542,17167.002260840705
5543,26134.485736465773
5544,25035.715499379006
5545,16259.347647644188
5546,23325.758891541245
5547,20098.736217986076
5548,17335.36648127026
5549,19451.849429556885
5550,39391.20249737094
5551,17322.52041577369
5552,29310.06345566122
5553,30385.743664717764
5554,22962.266499133842
5555,23397.615904923656
5556,18865.44458263273
5557,35204.31536605027
5558,19119.941796155374
5559,15985.862621393379
5560,29307.71901756714
5561,28493.541674611268
5562,25639.29329180831
5563,27301.95507676428
5564,31643.699717655538
5565,21434.636961756438
5566,16042.895440333454
5567,32109.883050606142
5568,40866.86520431081
5569,24091.547592236646
5570,26237.638680299457
5571,29449.34672657689
5572,17717.859305241076
5573,20788.054512958097
5574,23729.00767363289
5575,18356.358420504963
5576,20638.961994774767
5577,34945.528651676585
5578,17793.93329669649
5579,24826.228147465466
5580,17373.9864882077
5581,20493.220053501424
5582,31569.34665198339
5583,43166.606986738225
5584,28886.760452799044
5585,26143.631547520177
5586,32866.92056259924
5587,21442.580713224874
5588,25013.638969382555
5589,26472.899740103014
5590,23574.63423574493
5591,42330.32550494109
5592,16338.709259344549
5593,31011.47404612639
5594,35683.18851614585
5595,29592.156373069596
5596,39243.062355703056
5597,28572.063675431673
5598,17798.923328758363
5599,19637.723311765552
5600,31392.172944074024
5601,19276.953646517835
5602,24754.474901976053
5603,19228.679868881743
5604,23855.782197753248
5605,31237.54749039155
5606,34824.842381584094
5607,19373.071179079296
5608,16980.083423084816
5609,16402.13001407839
5610,17966.427870651292
5611,20076.70072495529
5612,19653.214742446184
5613,18822.5265309092
5614,17177.525426760247
5615,18801.917931741093
5616,15908.542354311588
5617,24519.731202329658
5618,24065.73237569599
5619,17587.531069264343
5620,26305.13150820463
5621,19000.96306951741
5622,31067.37120622692
5623,43599.15298847683
5624,24468.21017352606
5625,20840.594858210658
5626,18591.92208124464
5627,16688.29716878928
5628,31390.225643152044
5629,33976.63065445222
5630,23572.226306830147
5631,24773.890197682726
5632,28815.19040614523
5633,25962.876189097675
5634,22042.450126216794
5635,21591.143430028693
5636,17876.210302618187
5637,18603.667470529428
5638,25006.48362334664
5639,23145.30819105959
5640,24431.62549729491
5641,25473.50893559395
5642,18898.82201838583
5643,23183.523894349193
5644,20071.951319105912
5645,27877.714272770623
5646,18169.699371744664
5647,17631.530562032753
5648,41911.109550039895
5649,16587.01547676694
5650,43720.764292701875
5651,24966.473154401676
5652,18736.54246651316
5653,16755.79120191051
5654,16411.12600720193
5655,28145.11920492679
5656,17243.651804040088
5657,19447.394627343077
5658,16806.07558420322
5659,26514.41701852922
5660,25861.328306271458
5661,35774.27319727556
5662,21097.496543718004
5663,23572.226306830147
5664,16190.76615950428
5665,16531.55585699755
5666,23231.59305973642
5667,22116.000922157942
5668,30722.116482180063
5669,22162.9889092506
5670,27185.437273886837
5671,45067.47275550278
5672,19842.217462643002
5673,29050.751650572576
5674,21212.45945999169
5675,21116.669551444644
5676,17646.34789694735
5677,23533.04354347287
5678,28609.109677125416
5679,21719.79472133962
5680,27301.92345516835
5681,20024.26303715012
5682,41884.795751238606
5683,16209.530344485745
5684,27307.299914545907
5685,23853.21035519862
5686,17424.00714644193
5687,21223.146878717365
5688,18304.81130785251
5689,27684.688223625624
5690,17514.201376108518
5691,20551.322833364982
5692,18812.126938799185
5693,70143.00203269134
5694,21004.046818729566
5695,18282.38942283555
5696,23246.307259337285
5697,26413.82829790396
5698,17238.456190816556
5699,35088.60035886671
5700,18207.345421775935
5701,20457.514156204863
5702,28836.81551003987
5703,17988.637244580907
5704,19211.264607415178
5705,25141.038539562065
5706,36529.82130870242
5707,16484.75410419305
5708,23682.096452471746
5709,26221.56207224295
5710,24122.468620458385
5711,19060.550134879875
5712,17465.467955077154
5713,21466.649039469597
5714,31383.003805106906
5715,25376.553188479535
5716,35183.49461128731
5717,16103.898139253433
5718,25049.57695788727
5719,18629.789491703857
5720,17692.222718801917
5721,27339.813777950454
5722,18602.02349337048
5723,23730.657019846698
5724,17086.626581120396
5725,23191.554700413843
5726,26432.575061474676
5727,17197.84033350948
5728,31395.5826606196
5729,33292.95015506476
5730,25685.08446931126
5731,33849.546801036624
5732,28098.705825240173
5733,42137.0068092341
5734,19455.725931177876
5735,27413.624758788603
5736,32841.77496029351
5737,25846.56261515276
5738,35268.52208064791
5739,40426.93353658043
5740,18480.415099585247
5741,25946.5010516092
5742,43992.61675253803
5743,28963.46865914613
5744,16827.408132188983
5745,25150.184860937272
5746,23200.986756103157
5747,17758.9998193179
5748,23477.962856604292
5749,16514.330259616097
5750,24328.006806132216
5751,20630.64733881527
5752,17159.636362962185
5753,24163.96612520773
5754,19514.479522609265
5755,23767.92804077834
5756,31450.955071382436
5757,31588.89290614791
5758,23786.765599150258
5759,23798.94084938661
5760,17399.084693097262
5761,24003.57606865147
5762,22693.90281192249
5763,21600.33999575579
5764,19798.622290751002
5765,18758.63647939447
5766,33074.22046398792
5767,27869.968269459685
5768,24739.12014385639
5769,18442.249380055862
5770,30279.68632470986
5771,24135.443561596105
5772,26544.81664123793
5773,16887.294106292033
5774,17392.34307231139
5775,17161.64746352585
5776,23472.79956895118
5777,22896.144891622
5778,17789.505229907285
5779,42682.18194472542
5780,22984.220766096187
5781,17940.145587331666
5782,23422.465837496664
5783,17888.274426214146
5784,19231.189924813745
5785,17788.32255633482
5786,20728.096585646563
5787,23193.166032259775
5788,26201.926491089762
5789,16622.743260783067
5790,26420.31544420486
5791,17450.264306959798
5792,17101.903348619064
5793,20462.140350185375
5794,17988.574094289273
5795,18247.609784323296
5796,54510.01134995285
5797,25448.910774928656
5798,19103.167574181392
5799,29786.8670360634
5800,26808.24200178983
5801,20127.5985570085
5802,23204.686971856932
5803,34599.44150209354
5804,24879.584689200045
5805,44168.90026651895
5806,16130.402533221726
5807,36689.06709847233
5808,20079.01174814727
5809,33080.09898485262
5810,24718.451654846533
5811,17555.93754466101
5812,24264.762515557388
5813,16819.88892330432
5814,20079.785349376925
5815,18668.448891401316
5816,24257.62050743879
5817,23845.730509805093
5818,20016.340601690623
5819,15963.329893642514
5820,28119.854470139748
5821,36032.1376861516
5822,16720.388079753702
5823,44058.53530668496
5824,20893.913709663964
5825,32635.61520358257
5826,16993.813995797685
5827,16967.806819101075
5828,17501.006478735602
5829,18109.056933377284
5830,24023.31370986481
5831,18981.44192165841
5832,16129.158572026994
5833,17079.21375539191
5834,17640.856706831644
5835,27211.292709610057
5836,27967.056745882554
5837,19176.546912904967
5838,26892.590974331455
5839,44118.040308520685
5840,27203.28401908503
5841,16338.849519962583
5842,23707.542583888942
5843,25829.021500499624
5844,20106.954409294933
5845,39223.26280049854
5846,30459.078238433263
5847,22976.34171315284
5848,32085.993103903893
5849,63970.722986952635
5850,25570.87050086089
5851,37821.52419578189
5852,17432.3075257917
5853,54462.95341957243
5854,28143.33904083071
5855,29253.61023700665
5856,19367.13738478067
5857,20692.96877088287
5858,25474.475258000934
5859,17736.072821096765
5860,17153.92349789574
5861,18042.441596461715
5862,26433.56597355289
5863,16835.838205455915
5864,16874.00522342775
5865,36017.061299846435
5866,23383.79979567042
5867,31948.173287391946
5868,24621.80979402808
5869,17666.775428126162
5870,17822.339336433306
5871,21757.03741305076
5872,16037.087958976996
5873,18246.934904212005
5874,17247.57716435452
5875,37501.36452270134
5876,16929.130778988867
5877,23726.900165219507
5878,23718.79339328991
5879,20505.836379723652
5880,19104.860947330802
5881,17495.7684529722
5882,25904.089419455388
5883,23324.588180989005
5884,17747.661849184235
5885,19206.384314252915
5886,33761.81986097054
5887,16480.89048741681
5888,21625.04897381557
5889,17014.266013210603
5890,18901.728549928266
5891,23768.09495869559
5892,30278.797319547044
5893,18801.351050806497
5894,19639.477388210078
5895,17485.5776371423
5896,18068.768458698072
5897,16755.25998984811
5898,30349.573175610327
5899,16574.89820825762
5900,28351.05338553959
5901,17450.971584990624
5902,18334.969638490973
5903,48090.87852240161
5904,31516.219008320993
5905,33233.11344308672
5906,23572.226306830147
5907,17280.52198921814
5908,17078.67328658447
5909,19810.5398896307
5910,27528.443409280964
5911,32356.279700502768
5912,19502.44548308731
5913,27314.90814583347
5914,16875.131304062586
5915,17767.855286475882
5916,30270.65103741353
5917,33586.36386115891
5918,17304.207066916817
5919,26511.761667236366
5920,23446.566969759664
5921,18597.52236751378
5922,37300.83520981569
5923,34260.85440317282
5924,31063.523084553202
5925,27717.325822807234
5926,18784.801750117418
5927,19792.126011244072
5928,25326.641242533853
5929,33946.2022458367
5930,24260.565565215886
5931,19526.495343328104
5932,24688.037114363855
5933,16750.513767727785
5934,21793.531469435682
5935,31093.042833079515
5936,19127.824492971537
5937,21931.048131335432
5938,24887.332660492077
5939,24237.886436860845
5940,41765.2328712855
5941,36223.51155881632
5942,19589.580682415457
5943,17206.511705735793
5944,27096.219720568413
5945,23871.896769003866
5946,23825.77296829817
5947,17243.50803426677
5948,24389.679188641145
5949,23975.30540590463
5950,27001.583364874306
5951,31479.07989522539
5952,19735.753609966145
5953,32984.96287087118
5954,29308.493929010587
5955,16344.04996701326
5956,18921.219403305746
5957,25597.348260586023
5958,20135.20504475574
5959,27077.916244235872
5960,22035.709334890715
5961,18758.164397070996
5962,19335.97455109499
5963,23595.682595064063
5964,15967.083715353174
5965,28129.682919760402
5966,16507.92754397873
5967,30342.00801952144
5968,28973.78414790699
5969,52147.66456936946
5970,28115.411132801302
5971,18084.98211035609
5972,18008.069878993912
5973,24629.46964294801
5974,16627.83210506808
5975,17784.666087502268
5976,25598.702568037977
5977,21861.953728615794
5978,27532.737115895197
5979,25342.798467643268
5980,31250.51473209513
5981,17967.540614505706
5982,41431.921155931734
5983,36563.138577185106
5984,22898.8610820845
5985,23791.095686786146
5986,16467.64451678789
5987,22687.647278051514
5988,69642.1342169973
5989,27420.129484858877
5990,25547.18912063488
5991,35125.75812636953
5992,17649.022493441094
5993,17913.07279514609
5994,16425.561419551515
5995,27290.25693463859
5996,17923.427171204457
5997,23938.284156277085
5998,18976.96332094714
5999,17577.466825539934
6000,29105.50370079952
6001,28310.345518147584
6002,27478.347731089685
6003,22405.674083229635
6004,23592.215449943917
6005,34047.60367965474
6006,18485.513833091798
6007,17969.400083944773
6008,36831.328446056476
6009,17129.826573190017
6010,24442.051379104723
6011,17504.724656257808
6012,19983.522115034786
6013,18222.312142597246
6014,20970.52598280086
6015,16546.881009028202
6016,24532.037370813243
6017,17548.082603954397
6018,36362.076601160436
6019,16410.233206527442
6020,31038.87486231884
6021,35041.17791846757
6022,18345.47925136843
6023,16708.15603586829
6024,17285.57954473131
6025,35540.07552164609
6026,16170.349524374498
6027,23829.598234667686
6028,19611.24912944091
6029,19011.266135441485
6030,16199.757266956874
6031,18700.170862743293
6032,23976.918112452913
6033,17343.80738813251
6034,24207.426050177237
6035,18351.824107840454
6036,19065.590117973414
6037,20961.51293249442
6038,16412.463496601194
6039,16763.396403326715
6040,46336.66234849833
6041,23639.985636747555
6042,16296.462591218504
6043,22316.031536892042
6044,16412.272992744754
6045,21874.62728174747
6046,53353.50642642792
6047,26702.59856627827
6048,23829.03877031297
6049,23523.08679172064
6050,27179.18952588523
6051,28098.300745761586
6052,16391.62764447785
6053,23478.159069185098
6054,24848.851668615982
6055,25582.970974505384
6056,23773.217360361985
6057,26339.867538201463
6058,28560.556645276556
6059,28874.29405748005
6060,16915.65154282439
6061,37020.61621032947
6062,18899.742116245434
6063,28171.97160912629
6064,22211.74586483972
6065,26134.46207391568
6066,20483.251317923932
6067,24218.77561667887
6068,20497.590180359926
6069,23835.67747651388
6070,26530.017997593925
6071,16086.842419301905
6072,16231.401533127831
6073,43645.10147937521
6074,22453.51813733615
6075,16142.961953251306
6076,20193.469789008952
6077,17147.243243881567
6078,23608.897713625956
6079,17273.06747163066
6080,28169.551991420965
6081,18029.50195302611
6082,24175.581907556436
6083,24249.425107419647
6084,25641.342772988115
6085,25794.105387323292
6086,15984.116503754074
6087,16411.14405176844
6088,27201.333148188394
6089,29674.292755912997
6090,22660.72818193641
6091,25503.985499325434
6092,34550.94633660866
6093,19579.837505967254
6094,19945.690487673695
6095,19886.078137798984
6096,16832.604236278865
6097,16989.58869420949
6098,16659.214191583684
6099,24029.436631217482
6100,37799.21749571658
6101,18910.032721675838
6102,21862.695429626303
6103,17916.50092796805
6104,19737.678161881035
6105,27310.98017102394
6106,24710.584169466645
6107,16712.322699675955
6108,23038.765903946452
6109,29619.98588569577
6110,22820.86821920529
6111,24300.6906226925
6112,29298.762343392344
6113,27332.99394918911
6114,22691.453498831394
6115,17705.738705247204
6116,28437.81711669654
6117,26597.5969265179
6118,17725.440527808852
6119,17243.57596233119
6120,24397.22425274157
6121,20479.873160395484
6122,19200.279193653965
6123,26890.950120934987
6124,23707.55058339033
6125,18660.4803112318
6126,18858.30615429795
6127,18586.12307280977
6128,18077.58363395363
6129,22007.788330631647
6130,23324.5272469107
6131,24664.58602111717
6132,18597.453344132016
6133,24529.775883225004
6134,21730.284912011062
6135,18101.39248927909
6136,21064.539620571475
6137,21539.087228255066
6138,24185.73892215095
6139,39853.21395402564
6140,23740.17887772795
6141,26940.507671767053
6142,16377.123414204392
6143,20697.34562772158
6144,16237.96922824026
6145,31508.85929339234
6146,23225.146667736186
6147,16619.415167630497
6148,25167.67075872599
6149,29798.519123083894
6150,21954.4351227381
6151,17445.571066793356
6152,16153.81525609222
6153,22684.094362278393
6154,25702.01403559379
6155,19978.696394572147
6156,30831.79639040325
6157,25638.63729572951
6158,24728.16703593255
6159,19737.810102350424
6160,27694.097639854343
6161,24811.80855193772
6162,19749.63498631073
6163,40380.721342800614
6164,19031.56611087401
6165,23820.186337057152
6166,20015.185381635278
6167,22870.4011019923
6168,18218.964104275154
6169,20204.593169778866
6170,26315.846674797445
6171,17920.650151145754
6172,23724.016845218128
6173,27722.614608175958
6174,22165.6901679663
6175,39407.050267124134
6176,17081.48752072383
6177,26896.053302705754
6178,25053.134893641163
6179,37849.1666814666
6180,23808.563112347827
6181,22615.3388218172
6182,20558.438515020225
6183,20159.730497761473
6184,17967.139434230576
6185,17805.375462479322
6186,15873.996545040938
6187,19556.267724904577
6188,28485.25783015473
6189,16745.51438084638
6190,17469.695652295763
6191,27058.06644655385
6192,25921.62679359839
6193,32191.773091359624
6194,32143.774569197787
6195,27289.7006233613
6196,31551.879516203404
6197,39968.979477827386
6198,34348.52402565609
6199,16613.249028165716
6200,42441.0741271862
6201,26100.337664564126
6202,39760.2749490987
6203,64702.777789603686
6204,21597.53736092037
6205,22602.069583767756
6206,42935.02574324512
6207,20903.815681120494
6208,16537.229394064507
6209,17207.110144554954
6210,16179.708205212313
6211,29731.411303484718
6212,24520.191925744988
6213,37868.09443537852
6214,17240.6160594977
6215,24148.982923102696
6216,32619.290125741463
6217,23409.329228557224
6218,16637.88395587697
6219,18022.916674650176
6220,19614.847584608106
6221,20251.657845004916
6222,25444.975647539584
6223,17536.646102061164
6224,18993.122967151703
6225,54739.9538439129
6226,19412.202921146098
6227,22482.286203693122
6228,16514.27381915641
6229,21071.530225222963
6230,24368.650780575645
6231,27454.553184960267
6232,18598.870036960703
6233,20600.3538214302
6234,16652.110853455255
6235,18661.556615124344
6236,16806.68996855551
6237,21356.84096338642
6238,16894.550666279265
6239,16640.917994461382
6240,23062.46646932537
6241,17014.11482237228
6242,27518.319765824046
6243,39768.07275458833
6244,19096.430569592012
6245,28611.24543825909
6246,24553.435227152655
6247,31211.340276436502
6248,24243.1647865341
6249,23467.013405423568
6250,28689.127979811157
6251,19029.97650596395
6252,25310.69396949951
6253,16282.474849941555
6254,17812.38982180576
6255,16558.987587113676
6256,17024.142834872113
6257,23441.267039691455
6258,18801.917931741093
6259,27008.732907630067
6260,19585.46913674111
6261,25520.588477403173
6262,31728.442390791533
6263,26631.677227173714
6264,33169.889532041234
6265,33960.94694181019
6266,25350.79610312021
6267,19087.291011748497
6268,21952.855554156708
6269,21693.407487574445
6270,26539.099146435794
6271,29133.509568765505
6272,24468.731076066335
6273,37395.633936760256
6274,24590.80978126277
6275,20070.016889218306
6276,16249.25920724421
6277,16774.350738270834
6278,28006.055842513288
6279,43789.56662922993
6280,28388.56832130519
6281,16024.068710867887
6282,20967.440808726882
6283,17740.122164573535
6284,17991.100955434646
6285,23730.193700599844
6286,24576.329908271407
6287,17266.111238913745
6288,27635.135519446874
6289,26020.16320037235
6290,35599.05988857939
6291,17484.938496226237
6292,23361.423305795248
6293,24442.763850325275
6294,26463.198420684246
6295,78227.28455621598
6296,20189.20298666691
6297,18208.79882709605
6298,19676.331398151153
6299,27424.458179577316
6300,28626.725904999796
6301,17997.69170601899
6302,27241.75237923044
6303,24905.69514175898
6304,29358.542791741773
6305,17216.147690729867
6306,26768.397312547288
6307,21038.326463574984
6308,25931.456629578846
6309,17728.863603454913
6310,26282.067474133524
6311,23275.436815465775
6312,18049.563100925116
6313,24556.562775449012
6314,16430.759951127427
6315,28028.637709588987
6316,22701.095604403905
6317,18099.055057399204
6318,16452.677222527305
6319,20571.076389386097
6320,17295.022644657503
6321,16630.56266864155
6322,27794.176231411948
6323,17440.62019465121
6324,19358.32571411048
6325,41210.74782101778
6326,19719.714507732715
6327,16173.42763821508
6328,23788.790710132085
6329,17493.52922074388
6330,34778.17391126595
6331,26150.974523305595
6332,22372.642700450324
6333,30707.324232555336
6334,34021.16762094819
6335,26913.588680665805
6336,30178.908078193203
6337,23454.87151645235
6338,21805.787569132233
6339,35548.21823128844
6340,24700.13881395841
6341,17151.60009339772
6342,16258.820481561737
6343,16832.83500954407
6344,40052.21066363907
6345,24366.954536839683
6346,24314.036596370814
6347,27061.05436414503
6348,18336.158143093788
6349,29678.42824371275
6350,24130.311478106716
6351,24216.125735910035
6352,22939.839937783403
6353,34145.77490599515
6354,15936.248396283905
6355,19977.01874157567
6356,19066.75716398595
6357,17244.570777496192
6358,17520.53091251165
6359,27556.18135650556
6360,27644.224213826157
6361,22531.93784384525
6362,16894.761448645426
6363,17490.007811502117
6364,29443.75384870207
6365,32664.46373996944
6366,20192.92717450098
6367,20866.084694315807
6368,26027.151027091622
6369,20947.283082188278
6370,17155.475858760525
6371,49597.67432142787
6372,25277.303995897957
6373,16268.8162823065
6374,17765.575729027452
6375,37589.65375387683
6376,35063.856962442595
6377,16587.891081848604
6378,43758.586950388686
6379,21342.907375300834
6380,31647.35818000721
6381,18112.199043959303
6382,24055.02454680023
6383,26745.881836715915
6384,16297.794312628803
6385,21386.819665192106
6386,32226.054954534004
6387,17765.454410841994
6388,27588.760004633266
6389,21295.240728037308
6390,53334.14646130349
6391,31885.801275346832
6392,27920.321603677134
6393,17002.561821300216
6394,17140.024248837126
6395,19507.41585691689
6396,24438.731624118904
6397,26300.232249835048
6398,16088.366406959756
6399,17925.35719567851
6400,82109.2777655307
6401,40139.14833367173
6402,16213.851218139725
6403,17569.468497094906
6404,18580.273397925288
6405,19999.53123419631
6406,27804.72914899294
6407,54611.00148454985
6408,22311.884508577725
6409,30621.212219169607
6410,17660.29214683599
6411,25147.371952948237
6412,24626.78765486966
6413,17341.4322604962
6414,18101.903218423442
6415,30865.47900966839
6416,30490.048068307715
6417,16479.35618365699
6418,21002.214389016895
6419,17869.179560352233
6420,37316.073105518524
6421,29719.98906678221
6422,18815.79812936674
6423,35043.587940087855
6424,20743.378940478444
6425,19620.57798976042
6426,17806.056802539562
6427,16722.64962780898
6428,26495.812963966786
6429,19065.88476750786
6430,16927.59484469286
6431,21005.24480568904
6432,36324.995836109905
6433,16126.981657092983
6434,18382.404303745807
6435,17061.216023065583
6436,28716.70606546812
6437,30479.63550066799
6438,22477.23185312479
6439,18184.77021570571
6440,16912.231905216115
6441,17263.675447289686
6442,20576.410620811574
6443,17068.86568504941
6444,16990.25487992392
6445,17023.35243637755
6446,25897.281900581038
6447,30753.997271735374
6448,24071.632288519417
6449,16505.509421920382
6450,27582.592320317428
6451,16440.4904595627
6452,26309.614911404344
6453,25603.575282797712
6454,23504.69892079519
6455,16354.206120690003
6456,22787.08238886051
6457,28391.669372108994
6458,17831.22559960227
6459,19568.247416376038
6460,19827.63472361337
6461,18839.298429741182
6462,27181.88255310286
6463,24369.567897635403
6464,25953.15409158089
6465,19176.744805033624
6466,25141.85853580776
6467,21484.541687633242
6468,30812.710223841586
6469,17140.193016745277
6470,27150.513491685455
6471,16161.876218097485
6472,17715.310962385684
6473,23475.28553842986
6474,18845.823068648435
6475,17949.725845831323
6476,18756.01310146546
6477,16559.43980948058
6478,16125.791219489476
6479,27972.94551143368
6480,16034.64545341919
6481,17277.681985893
6482,36342.818590593924
6483,28078.44168640519
6484,25814.3806177556
6485,30493.476877539564
6486,38228.70157328012
6487,16440.242877821922
6488,16395.232010964588
6489,24257.78407014616
6490,27257.960216715528
6491,30526.376667045515
6492,20669.66795822575
6493,15941.939123181623
6494,20350.300002242257
6495,28394.658663394395
6496,18333.06757271188
6497,18289.11176591363
6498,17877.765413767866
6499,22247.771190418927
6500,17018.75607924011
6501,17618.43786283539
6502,17299.594684307456
6503,22166.53492386328
6504,23371.983634166867
6505,17735.172188757082
6506,16503.92860110377
6507,20468.33067984632
6508,28838.610499763192
6509,27631.018601795153
6510,27488.831438387722
6511,25430.093418848366
6512,28391.220476787836
6513,20373.669712755524
6514,23431.532397093517
6515,17074.41898458482
6516,17811.64582829427
6517,31589.50015745178
6518,19764.335733357086
6519,21344.641235971776
6520,19408.330568978185
6521,21176.681331072832
6522,27473.6635927262
6523,23174.201891621462
6524,16496.29177375927
6525,21551.756551438277
6526,29486.902866226483
6527,21914.46215960673
6528,17602.64871604272
6529,16756.20077255483
6530,35221.44434071605
6531,16810.340155934384
6532,17236.646244467043
6533,29765.177969239925
6534,18921.29789676009
6535,16681.073023617457
6536,27452.729162031195
6537,56209.31479455031
6538,39757.578576459855
6539,16204.136591332444
6540,19267.20120313531
6541,35254.77711254568
6542,17272.3942421545
6543,109756.97012313495
6544,23419.842340404215
6545,17539.06873129279
6546,30767.204582014805
6547,24799.43587032229
6548,16142.035703035119
6549,21201.917749122407
6550,15950.511535134672
6551,16568.064817675728
6552,27423.268648106456
6553,32306.13454868564
6554,19203.922480018886
6555,28184.967988814296
6556,16644.546868965743
6557,16649.078039693013
6558,37932.43244975882
6559,24849.058078900893
6560,16491.35865022902
6561,41392.78305850754
6562,17209.59262732194
6563,18742.091406090214
6564,18250.27877571751
6565,26685.743964125053
6566,20863.60822528166
6567,23532.854343930696
6568,16290.001043743501
6569,37651.484144161834
6570,18605.12382899478
6571,18264.320817505908
6572,27683.858894113477
6573,21962.757492835077
6574,27580.59444552254
6575,24290.940119636958
6576,31623.698694818322
6577,51281.00289835687
6578,16981.654783821105
6579,20914.71253616975
6580,21398.841851236375
6581,33339.379109334506
6582,34192.51058382601
6583,24375.74915444279
6584,19469.77273457408
6585,23165.157821918343
6586,23311.78948660352
6587,74159.25035539047
6588,19505.961027757774
6589,17208.2758674418
6590,16581.285298864823
6591,33843.380765523216
6592,27014.191363559326
6593,18534.829015910862
6594,26565.118900719037
6595,46178.38111946874
6596,26627.568724868284
6597,22312.500870062715
6598,17197.100654487447
6599,30787.95386630232
6600,16816.44023021731
6601,36374.817022086216
6602,16363.8486557195
6603,16701.8284159554
6604,18749.623111669353
6605,21198.77064176351
6606,26683.045916425246
6607,22398.62769788541
6608,17518.130522145384
6609,28111.64735081584
6610,33982.08105404225
6611,23561.39261258442
6612,17869.582785516017
6613,20947.12822213446
6614,24433.07859918652
6615,19849.528428636735
6616,42523.86766706229
6617,23924.329300853977
6618,16073.910649963918
6619,18087.676642751532
6620,22598.939512557652
6621,23862.342262235787
6622,23991.474787659517
6623,24003.372888196933
6624,29212.054129929555
6625,34793.042726430685
6626,27827.64590291907
6627,27491.15529665695
6628,16405.05927163612
6629,17268.487338317875
6630,16491.43868478514
6631,16487.744062838257
6632,35981.303010752104
6633,24851.58151517918
6634,16645.726815783306
6635,25549.904374454265
6636,29008.583775094357
6637,27944.287213817588
6638,22824.509037817883
6639,30959.402241324686
6640,21924.81479180442
6641,16848.81910277549
6642,16211.624982196723
6643,18554.081362244437
6644,26784.821688621738
6645,26891.32517032454
6646,26521.108909563292
6647,19581.685313599413
6648,21855.42000453954
6649,16176.474616478383
6650,28329.499458578157
6651,25877.68414625862
6652,26377.10512625095
6653,29211.900312808462
6654,17122.275133881878
6655,20177.606779086425
6656,19562.053792227453
6657,37369.910328049846
6658,26999.860075751927
6659,23400.513132911106
6660,32524.649074528916
6661,31249.655871000614
6662,21699.928662879433
6663,24050.209835676487
6664,19939.79720983122
6665,28884.086406404225
6666,16303.649249861852
6667,17969.590728752013
6668,67218.6754848814
6669,24372.98029524268
6670,27481.719227698577
6671,16204.915209114268
6672,17017.646105042346
6673,17365.788478189377
6674,16249.960325102425
6675,36721.64207677582
6676,26023.108892496737
6677,17679.142631412782
6678,27528.536100954425
6679,27243.25434813318
6680,25381.90393480403
6681,17307.36138808841
6682,18171.939792154964
6683,29585.53863353222
6684,16446.43339615898
6685,39426.53160256439
6686,30982.118263718123
6687,18190.10547461532
6688,25412.092023169967
6689,17587.118746722826
6690,25600.886679068502
6691,18841.770525637927
6692,45074.12132667487
6693,19316.20342737803
6694,25107.561040623412
6695,18362.199429985914
6696,19659.818064687162
6697,25810.63427989358
6698,19154.699800689774
6699,19293.617705298373
6700,16225.310121248325
6701,23237.568727965903
6702,20309.932397780773
6703,23232.641969350818
6704,16391.023227164274
6705,32505.376752430206
6706,16645.240873745384
6707,29409.74234328765
6708,16295.354197741877
6709,25815.23588901179
6710,22450.928660927708
6711,22558.488738217795
6712,16523.33364083711
6713,28933.862010415134
6714,16388.374110178604
6715,28042.973981828418
6716,17077.865123671494
6717,23748.56063431692
6718,33964.58289938463
6719,23875.145310944055
6720,17466.996764544936
6721,98189.33515574057
6722,15954.229879078539
6723,17442.478373437923
6724,24441.935283609622
6725,21964.081102361914
6726,34808.78108750896
6727,17633.689063008856
6728,21778.581472548947
6729,17462.2514732855
6730,24651.36901194347
6731,33262.59011597139
6732,17074.518584310077
6733,47133.501330536805
6734,17257.931578712527
6735,17243.522720225752
6736,16449.119432529707
6737,26061.575256754935
6738,27270.016173765336
6739,23338.87651428687
6740,16156.074440413226
6741,37089.607534887895
6742,30278.384176265285
6743,16536.741578938643
6744,16707.68808660011
6745,30185.90763946056
6746,25347.304691422567
6747,43832.96444232496
6748,19430.589581485325
6749,27036.885519420484
6750,17625.821712386874
6751,18194.018211614493
6752,27364.09427481755
6753,27771.443735088807
6754,16033.669979383809
6755,17436.485870886892
6756,23644.738313272457
6757,16436.486119804922
6758,27360.875903337084
6759,20167.305106955762
6760,24702.254793339183
6761,19538.370474992455
6762,24021.501554753333
6763,19207.00192558905
6764,17705.211660060486
6765,18914.953394570584
6766,20607.61408968546
6767,30637.255691001214
6768,19600.984521935672
6769,31553.392008858737
6770,19421.929769333594
6771,19558.77122227677
6772,17424.628687340333
6773,18599.436270789563
6774,38784.86775182026
6775,26248.150732595263
6776,18101.110658895297
6777,23049.280866701563
6778,27969.001792123163
6779,16227.82611115765
6780,32784.225128450176
6781,36378.07330278204
6782,25812.04771234094
6783,19513.72682613159
6784,31796.539389240123
6785,33163.30770685911
6786,23532.63704413021
6787,26224.953237690155
6788,17479.934759327363
6789,19847.50065177878
6790,17101.126173266744
6791,15934.721351066413
6792,23881.36882295977
6793,17208.78090197196
6794,16787.248295649486
6795,16248.574249517775
6796,21692.91691909723
6797,32060.413861875557
6798,16620.472211814125
6799,56775.41972530817
6800,19187.374379824618
6801,21583.977131937805
6802,26928.054386811702
6803,27277.54350117981
6804,18557.132249319082
6805,32055.44130315921
6806,22329.909655662108
6807,19471.727712531985
6808,27322.825853813167
6809,17984.9110395925
6810,33224.54496576242
6811,18262.08045937162
6812,23827.889012471835
6813,27993.938291549817
6814,20820.6421623367
6815,19786.426032966578
6816,19743.240770479966
6817,28934.71462401813
6818,29488.0929229446
6819,23859.269457524177
6820,18330.552921503146
6821,33415.24373011816
6822,28328.733071781728
6823,16060.321653214107
6824,27668.95463413212
6825,17936.131339316977
6826,35086.61171318762
6827,20348.30049543275
6828,17562.021476426304
6829,24238.181167680115
6830,26145.669411227533
6831,16915.672342464473
6832,33622.269950576476
6833,24626.898469135464
6834,24051.326699530397
6835,19156.27802374758
6836,23257.35881860509
6837,17944.92663499075
6838,19916.673063957896
6839,19562.072902615782
6840,26145.310312542326
6841,17328.53697491276
6842,18424.48397037612
6843,21547.81226129678
6844,28447.322664175113
6845,39291.55860081173
6846,27704.881854976484
6847,16158.951530544746
6848,28177.116149826044
6849,20579.7580695592
6850,16394.111815938726
6851,19071.821714686885
6852,20855.65166117404
6853,26904.63563473299
6854,25489.080810255622
6855,24198.64275052392
6856,22016.691087102066
6857,17967.811427817727
6858,23190.188788993946
6859,28426.350611625392
6860,19193.87534592555
6861,30957.730257662948
6862,19535.110842812974
6863,51374.1181263643
6864,16431.951199513598
6865,30179.349896014475
6866,28136.918262586034
6867,29230.201729907883
6868,17875.235510399347
6869,27038.657839699816
6870,26681.527136457204
6871,90576.09378043032
6872,23572.29218053944
6873,50918.80401444865
6874,23012.249987441028
6875,30744.18158319718
6876,26249.93695727002
6877,17587.437645758735
6878,18929.68247189657
6879,26766.872307342528
6880,17625.446728980445
6881,19507.869896809607
6882,17975.719274626565
6883,22103.586884287834
6884,16590.637170729908
6885,27986.629732468107
6886,20610.261741391565
6887,28249.80887297027
6888,37998.2224246666
6889,23449.891771970182
6890,16940.13917801166
6891,24949.610844943156
6892,19893.666602637488
6893,20744.419037539916
6894,25920.982193968346
6895,16177.166375736726
6896,27959.449672815368
6897,17125.104357945347
6898,26509.230335650518
6899,20565.85287678696
6900,39182.53759077087
6901,17127.89404758298
6902,27562.467577181087
6903,26771.094456848034
6904,16649.6892197569
6905,19972.931684244842
6906,21290.792104933164
6907,18797.447814093946
6908,16027.101073870723
6909,18089.912536635034
6910,43608.37250798171
6911,24579.959563437475
6912,22112.204047267576
6913,23665.774784100933
6914,18888.913816474473
6915,42842.27547433296
6916,23327.58325862305
6917,17558.096411307655
6918,33735.194961034205
6919,37232.94554859654
6920,24801.12115763899
6921,20604.611506635796
6922,17619.96814109471
6923,31676.499912544034
6924,39957.64736699782
6925,20360.493016127526
6926,17025.84573083354
6927,70583.3392202497
6928,19024.482614939865
6929,18550.321431307984
6930,17429.768317083668
6931,18710.303087233184
6932,32888.8627055816
6933,26785.859723896356
6934,28443.29616550016
6935,31404.193312415213
6936,20062.20008042376
6937,17027.378981171587
6938,19019.41872370523
6939,16629.06091165269
6940,23047.655835062982
6941,28973.110634616445
6942,18882.880483918187
6943,19992.014014815104
6944,22637.65089841779
6945,30883.455811143933
6946,27829.32571267003
6947,121110.8346567027
6948,24917.551863279747
6949,26960.033103176997
6950,28345.583244494985
6951,16632.52076900675
6952,23067.213990305867
6953,18263.0128565269
6954,18648.3964015415
6955,22623.798958446056
6956,21021.233839564884
6957,21924.8538710057
6958,25618.72366681115
6959,18323.847510103646
6960,19861.156028883695
6961,19151.016467324444
6962,37805.58743026687
6963,18306.38997662516
6964,16344.741843780044
6965,21335.611255311145
6966,28006.701229578484
6967,25076.35409342554
6968,18826.968356018326
6969,17357.92663375255
6970,19955.298758163437
6971,31324.424310530638
6972,28963.8044170455
6973,16260.340316852504
6974,18433.90529498598
6975,18258.187714863412
6976,27360.54503544541
6977,17829.989122885192
6978,28335.257604570914
6979,29041.03822947222
6980,18813.923475072155
6981,21798.464520901052
6982,17280.57674769527
6983,21323.44202603903
6984,16303.954771370094
6985,20867.69257318955
6986,27159.354674870017
6987,22306.21266738643
6988,16133.173351421572
6989,51649.115396115834
6990,17533.685060360873
6991,23541.363798267314
6992,53428.18751540812
6993,31296.111309134187
6994,22735.12901360283
6995,31137.172571316936
6996,31657.864556066324
6997,16610.979059599238
6998,19388.686288627076
6999,36167.41645430942
7000,18962.99545262857
7001,27063.138448942518
7002,25706.82806989749
7003,21155.697453922166
7004,36585.317031216575
7005,21510.757522052605
7006,25715.36868234734
7007,19426.542089859522
7008,18389.158771835784
7009,17905.75594803733
7010,20291.34174318969
7011,16596.416698901514
7012,21167.513091955705
7013,30876.68216307287
7014,19439.937324611692
7015,18261.07108609871
7016,29594.787917870184
7017,28522.837923727973
7018,37343.69022449702
7019,52241.87446190342
7020,20429.573061924188
7021,16707.68808660011
7022,16751.50415239322
7023,20863.9410485226
7024,22811.77680665616
7025,28490.125251818597
7026,28087.31495181686
7027,36010.23575448282
7028,33211.94692488912
7029,41078.6072519751
7030,23572.48018518999
7031,16591.045341829915
7032,18765.528524144593
7033,21117.026698252626
7034,24873.190336731546
7035,20467.395491771065
7036,18335.340578784362
7037,17159.582060827113
7038,28773.36594555172
7039,26058.398810551877
7040,22762.061012337712
7041,31194.660136342856
7042,24430.295532894863
7043,19489.517248321037
7044,31609.146950263723
7045,19094.044128680318
7046,20378.34552882454
7047,126081.86609166834
7048,51132.06401700759
7049,25853.62196515417
7050,18705.73042661755
7051,32220.145652130817
7052,39347.42255452468
7053,17632.8495381937
7054,20639.434799918778
7055,31995.646836876753
7056,16983.791716555734
7057,20346.487836629964
7058,23318.248108611486
7059,31493.193626931454
7060,32631.67490584388
7061,28147.507098547503
7062,21178.53928180981
7063,16562.979828927644
7064,24805.019854852344
7065,16187.546199172994
7066,20747.334742843177
7067,21682.676876865673
7068,25620.346178325406
7069,18899.528253934193
7070,24946.937877393855
7071,16266.695452442877
7072,27636.40369911452
7073,23513.55250060666
7074,23006.006185263006
7075,28940.735695977048
7076,18385.311287849294
7077,18214.712836522973
7078,25917.90860716802
7079,18378.009327917345
7080,23324.04097984733
7081,43189.15893277849
7082,15991.88805672133
7083,16471.41193101157
7084,18354.62369310046
7085,16394.933175396098
7086,20262.34004409658
7087,16565.470508188908
7088,19647.786774272732
7089,19329.973024967403
7090,16671.010941295295
7091,17088.952785345213
7092,30328.395010278575
7093,19995.05490890669
7094,18243.119148121747
7095,20963.216504422922
7096,29741.9437779215
7097,16398.38916768594
7098,18596.637098510317
7099,21179.44896107064
7100,24241.173904746753
7101,16251.353722212294
7102,28717.378322982542
7103,23254.37827317237
7104,21178.345348242477
7105,20014.227257209863
7106,26940.496281951706
7107,29227.289796111203
7108,85543.78470989365
7109,18848.75167681232
7110,17885.073758416576
7111,23044.350847592028
7112,22738.014423996465
7113,17796.8073417971
7114,26626.91519311358
7115,25715.05935661289
7116,27891.065583101838
7117,23634.447538363012
7118,17191.54299774238
7119,25354.021872759156
7120,18184.507318473927
7121,19919.591876537157
7122,17488.944327843354
7123,20089.052656394724
7124,23843.512437154808
7125,23118.56648103751
7126,23707.200233921667
7127,31882.68562677578
7128,16567.117934398564
7129,37168.09544998581
7130,17254.364619975106
7131,18762.505228129477
7132,28404.360083921496
7133,23341.391868924944
7134,31521.928787512228
7135,33314.93160642073
7136,33265.843229547536
7137,22418.19629790559
7138,38080.2469159984
7139,37427.42798257556
7140,25835.064744886255
7141,23826.720281895716
7142,29497.394602296896
7143,24320.671560049035
7144,28231.909631083654
7145,19867.747766999542
7146,15895.814023084737
7147,19142.697519325764
7148,18785.476883976768
7149,17257.13767280913
7150,16241.435387682446
7151,16891.757384711615
7152,23867.064398123526
7153,18801.917931741093
7154,19937.647107747373
7155,34936.15086480566
7156,27915.28330168379
7157,30829.18546205096
7158,58379.43403106283
7159,20949.820114776187
7160,16413.68812435338
7161,18889.671834419907
7162,24432.298799522017
7163,24471.511295580534
7164,31573.58003564192
7165,24126.52544493922
7166,23269.538545403535
7167,35601.965984631825
7168,16532.403136773275
7169,32676.984093037026
7170,16836.56146876967
7171,28992.408949045082
7172,17489.268192202584
7173,18754.092800985272
7174,18302.047635158156
7175,24336.29048628442
7176,22021.510981070278
7177,29763.32797826095
7178,24441.44948205118
7179,21086.19643427858
7180,21546.546425758475
7181,16582.21556222553
7182,26251.249242942227
7183,27266.575736593335
7184,26770.37562702054
7185,23787.448719991608
7186,19021.389502768918
7187,68165.1109305192
7188,21466.926993196943
7189,32093.44133863613
7190,20458.897052334305
7191,16162.477434915532
7192,27264.254507803616
7193,23701.26102974599
7194,29852.418798966526
7195,17083.921978461225
7196,22694.148724826173
7197,30976.370684432
7198,21096.501637202007
7199,24076.237790129628
7200,37087.1771032356
7201,22979.41309905539
7202,17349.349806415674
7203,31034.521170902568
7204,16181.72926570808
7205,15964.266692175137
7206,18722.207045864765
7207,23239.330823431843
7208,18668.450848565724
7209,18875.39772781459
7210,41832.114023462666
7211,16033.347608622016
7212,22259.828701565624
7213,21553.066469839556
7214,16699.44655653255
7215,16531.623670584842
7216,26660.104226803636
7217,18603.430031527172
7218,23620.391669824894
7219,23874.415656266323
7220,16411.72006906098
7221,16812.59008744552
7222,24414.230757824327
7223,26384.18693059394
7224,18833.15058415802
7225,17236.338358798912
7226,22121.35279549417
7227,32020.9688528621
7228,16550.136544986573
7229,27798.182744121586
7230,23245.24817628577
7231,18884.32239082939
7232,24690.72247833003
7233,22358.076282318296
7234,19206.001547422464
7235,22097.874360883045
7236,17243.922587783334
7237,18593.204612074842
7238,44355.798969486335
7239,16677.25931144023
7240,38589.32669051845
7241,19178.331725484823
7242,37829.58244559675
7243,16990.540396083266
7244,31872.303062524235
7245,24653.55691403742
7246,18582.24815447572
7247,16911.464887306705
7248,27125.353988145886
7249,25248.3016332142
7250,20075.657461670402
7251,16397.549563921686
7252,23390.38834711534
7253,18762.641212152455
7254,26191.746963033056
7255,30115.326840422305
7256,19058.688313650546
7257,26411.815963984423
7258,27235.922967872593
7259,39255.22743238311
7260,22213.457393951852
7261,34301.24271411629
7262,16456.438975420642
7263,20011.96167999262
7264,16418.43685514214
7265,16166.169376666221
7266,42593.537099310575
7267,22294.468705827087
7268,16710.95587575579
7269,18183.167553709744
7270,29899.47482467992
7271,46984.80761362628
7272,25085.935182380665
7273,29953.598359632462
7274,26080.820160214396
7275,28977.357656212163
7276,24087.542349565927
7277,16261.04481299688
7278,28345.69940992819
7279,24041.594626112415
7280,23463.120417792637
7281,24874.783572674725
7282,19178.987000964076
7283,17545.93141220579
7284,38062.943983611694
7285,30742.446696122468
7286,23572.48018518999
7287,20869.43798368837
7288,23293.574536440236
7289,48613.1199541701
7290,16991.822001204335
7291,18805.223033469374
7292,17322.4035577041
7293,17426.61254729968
7294,32248.058345241807
7295,16580.802209813537
7296,23762.898464470258
7297,20019.49179946048
7298,17015.56329186352
7299,16469.613786768594
7300,27804.244599232363
7301,16369.643082997203
7302,28162.49120405892
7303,26966.713162415235
7304,37200.70538501553
7305,24609.47291354532
7306,16571.02244886295
7307,16411.699650484887
7308,26943.737374820663
7309,16759.21013845274
7310,17795.548507374446
7311,18899.435411982005
7312,28817.39765222776
7313,23773.422082011373
7314,39122.606819229455
7315,17217.325372661027
7316,18875.615550860242
7317,27698.122421854707
7318,27248.403307411685
7319,16500.20320264649
7320,24570.4736079821
7321,18095.72395498427
7322,18842.023864116647
7323,37850.14656859939
7324,41961.0826769568
7325,20702.43791546788
7326,43107.52372904775
7327,19900.38510677949
7328,26828.11660439743
7329,21502.922046360673
7330,17633.767558522413
7331,34739.4245376669
7332,18784.328324537488
7333,22773.1019266906
7334,17484.522623468725
7335,18796.282542159493
7336,20528.458436487566
7337,19370.39042771121
7338,19071.614762323938
7339,25617.11334217256
7340,28828.42810034941
7341,50601.97689299657
7342,26217.323736643215
7343,40528.51101231913
7344,19307.228712405213
7345,23762.784185606204
7346,51293.46255203946
7347,26463.77328574076
7348,23317.6279649433
7349,21425.04831163285
7350,27603.787253601164
7351,16318.873139646043
7352,16720.88274119754
7353,16875.27678855469
7354,17026.943288587205
7355,16367.53550430473
7356,27595.97970681645
7357,30359.05777848243
7358,28104.97864027399
7359,17874.902066963063
7360,22122.49175605401
7361,21790.559570474674
7362,16536.339436107766
7363,27283.295446373733
7364,20310.795951467284
7365,19374.838625399767
7366,18247.9576791344
7367,16325.375876133392
7368,17159.500607946746
7369,20308.313454742416
7370,17824.064386446113
7371,20992.72604669346
7372,23115.244521963134
7373,20412.386031715774
7374,26094.51076620549
7375,17904.685077698912
7376,16808.524368465092
7377,18296.61507446312
7378,21751.847121217328
7379,26954.399279404268
7380,31186.38661732815
7381,16440.07082213232
7382,16707.68808660011
7383,16724.222505105015
7384,24983.63674481066
7385,16321.188597905193
7386,25251.882428440156
7387,27284.531851451287
7388,44194.767857378174
7389,26730.787031606647
7390,17671.52712256663
7391,17491.22786505996
7392,32300.634900587895
7393,17328.82786812722
7394,35153.73011290086
7395,16600.830756299998
7396,19546.953584675197
7397,19202.914176818613
7398,18899.742116245434
7399,16225.675937816792
7400,28205.462935993568
7401,21782.10414901715
7402,31834.938912788297
7403,16487.13874474038
7404,26932.603668658718
7405,22313.760972424665
7406,17587.673038655113
7407,25793.480342901825
7408,27058.206638674506
7409,19074.484915775596
7410,24388.28816445925
7411,16806.85084990875
7412,28562.202613960984
7413,19912.79020370063
7414,33597.738079137016
7415,17584.263715030735
7416,25435.89204293898
7417,16406.6545831889
7418,16924.947004496993
7419,34826.18992473086
7420,35686.40592051321
7421,17845.869845363017
7422,20006.67502851721
7423,16589.59606753457
7424,18017.53657103866
7425,28865.470494978184
7426,34166.940407459864
7427,18288.19612830882
7428,19620.822022788936
7429,44566.56747794093
7430,17752.285138069663
7431,22506.519084166062
7432,28433.207603880983
7433,17243.668085841357
7434,30089.560245106568
7435,16411.921215654253
7436,46661.48038724374
7437,30913.791052098426
7438,23159.036302285847
7439,17779.99957186657
7440,31913.465733455876
7441,21741.302694527898
7442,16803.47863175822
7443,22653.532536334613
7444,27639.494852269796
7445,30436.868678025952
7446,16217.994397125278
7447,24583.025483806938
7448,29190.421454117393
7449,17574.37527348157
7450,20323.885578712136
7451,39396.40494107191
7452,22598.939512557652
7453,17078.45710385008
7454,25915.02560217477
7455,19648.477666874216
7456,26497.001345869096
7457,23310.341177631188
7458,21239.145758919072
7459,17079.71975495602
7460,16411.098235617817
7461,20293.85212615243
7462,24319.705634381568
7463,30014.98974883974
7464,20886.492448550598
7465,19427.689814752066
7466,30367.251699070614
7467,26787.30605533374
7468,19314.96593810845
7469,18113.9455530878
7470,29154.121481735507
7471,18898.280824147136
7472,22420.7248324177
7473,16920.11003249926
7474,24921.01946551085
7475,18416.469811950526
7476,21085.813820041334
