id,prediction
0,22163.688780264474
1,23367.092908848
2,27500.68199600974
3,18801.917931740893
4,19570.19833168627
5,18078.31387540426
6,21359.124920104878
7,60036.75751936317
8,24272.58202436613
9,16531.616048261072
10,27062.612903134173
11,15872.502517112149
12,17316.834937668442
13,19841.41254342514
14,30720.469311011064
15,16521.59218903983
16,17397.92392627574
17,16290.562655053649
18,18033.274744523533
19,18944.290058752158
20,30587.8062619109
21,22791.40675507565
22,21399.399064766345
23,18293.617775879702
24,24324.863098734506
25,23262.19445419339
26,37770.74448097055
27,18307.7387082108
28,20688.875942358212
29,26121.37460242037
30,28362.796293440628
31,24258.290659359966
32,24773.01178091945
33,20925.95946868524
34,16081.805067680858
35,17884.689121305943
36,28472.35452665197
37,32298.82419387007
38,16570.06153543673
39,24342.62109176014
40,19249.044037784897
41,17885.667639123007
42,16723.606286604514
43,32029.511273757325
44,44289.315756485674
45,15880.458453092666
46,26151.881348703642
47,16684.832079186723
48,17584.424628154193
49,17221.184756217783
50,16848.30996435139
51,29221.118091022043
52,25663.484602669752
53,32088.047185504514
54,41582.22679007482
55,24609.48588203661
56,45405.554861975215
57,19016.394903957385
58,27794.092076976605
59,23103.77424388228
60,33745.01670970448
61,30521.9795787941
62,30985.96204220907
63,21068.42812513413
64,17472.954128756002
65,17969.76424093856
66,19073.754384667158
67,24876.281020837516
68,29683.67336376977
69,27250.367661099477
70,17523.76812567772
71,21462.49911080037
72,37073.471075366935
73,24434.28152364062
74,30785.87379183964
75,33779.92883455028
76,35407.61240670704
77,17955.664675282263
78,16485.80471530433
79,37413.13900520776
80,18628.593163731413
81,16824.734254292765
82,16349.04496558644
83,22939.121389213044
84,20354.40852394975
85,28082.34766202314
86,19143.21173839375
87,16528.2182429172
88,16002.141092528478
89,18552.41776000759
90,19052.951482053853
91,30873.7068469306
92,15934.721351066923
93,25575.34189263951
94,27744.895513045325
95,40854.9633491846
96,28350.77713766095
97,18021.867041717953
98,22811.240420961083
99,17479.87969516698
100,17509.050069856537
101,19576.87562914753
102,42866.99739522252
103,33159.91158205907
104,22129.511676626233
105,18922.059121976297
106,24026.758138967867
107,37808.68635223874
108,23401.653468698263
109,50197.07383802033
110,30774.1039197681
111,18396.83803389264
112,28425.31217772242
113,19802.38556708428
114,23964.457197402262
115,17136.51759924056
116,19737.060086375375
117,16245.318738608803
118,18683.940248873376
119,20911.650247504887
120,34168.3712656388
121,16128.976181951273
122,27971.24162261676
123,50622.52249693324
124,28711.89580018674
125,25345.27300974047
126,25438.54336816064
127,19591.906047382716
128,31608.862861077803
129,21143.578778248007
130,16322.040247020774
131,37347.63656455263
132,27662.40219720747
133,19215.85125011781
134,16667.895972209833
135,27556.46749832541
136,17507.979557024835
137,28883.74470649204
138,21278.544762834892
139,25897.893394733375
140,16593.11677801695
141,32076.757188317064
142,17243.333038889956
143,25406.1484303449
144,42953.65298295842
145,16164.66271864145
146,17006.453707499713
147,27347.747455702105
148,16831.390361226968
149,23990.529685356738
150,28959.61202333693
151,32929.33495185412
152,27429.550040798847
153,18689.154929620145
154,19544.50340317392
155,24843.938841387204
156,31903.5385317208
157,21308.231808763667
158,18250.52146318636
159,27621.632599599357
160,19621.1340119915
161,69821.24654873472
162,17669.846886553525
163,36301.52445311647
164,27326.902013059695
165,31429.328394891363
166,16588.47700463247
167,36683.32668881416
168,18826.23286100393
169,19071.102743726293
170,23164.174189171736
171,34074.20072085736
172,24527.986686530247
173,22150.080310619618
174,25633.586795000298
175,32582.327070282212
176,22792.327795786372
177,17803.079201249482
178,75281.57298910359
179,16266.742842484447
180,18756.707366195675
181,19997.025802543983
182,24769.31943546412
183,24917.55902384691
184,21865.763275501147
185,17367.255653523007
186,17622.240327794356
187,16963.960006289853
188,19626.77644577885
189,25628.529371211236
190,17190.09191890123
191,21010.501167616992
192,23823.831814018296
193,50266.182625066635
194,28704.565363095782
195,16202.501645434262
196,23051.450001834808
197,28280.860856022795
198,88520.37328515963
199,44019.09160102419
200,18863.718161465596
201,16596.981063517112
202,29665.116914265
203,22121.1750627344
204,24064.63058052341
205,30612.316970371714
206,17419.106170533883
207,23236.184275503438
208,24290.086947820862
209,19106.915543750958
210,24877.159726048503
211,16365.05093131888
212,38031.57116700741
213,16124.282232837582
214,26520.888018892194
215,23868.984369921858
216,33757.79619563515
217,43672.75012911619
218,16942.785170809922
219,19269.436497194416
220,16403.09510854219
221,19540.530340985424
222,43434.36855341083
223,28141.697944466778
224,16310.763693214967
225,21287.518981128072
226,17565.822972413414
227,22285.458747144632
228,24473.12109996379
229,24228.19181871535
230,24529.952431561218
231,24618.29624210312
232,16893.270964847678
233,19014.45572014736
234,29342.03252144558
235,19578.211199915168
236,17142.17122183064
237,16241.662761396416
238,28246.278912859038
239,24385.985676010194
240,21536.598738835157
241,17671.292298756387
242,27906.863400919097
243,18276.243697398564
244,16725.3302680309
245,31666.13971347015
246,23115.811855515007
247,18981.211226103213
248,29762.79370180692
249,16009.045082958633
250,28900.79519883617
251,23296.032473774794
252,17495.88809312768
253,36136.18591128853
254,22231.446993693786
255,39689.37656681396
256,16568.563396867383
257,19952.418299205307
258,37045.463176950114
259,26762.309130586862
260,33042.005135825435
261,23318.329441528764
262,16793.28813603658
263,24578.253208840746
264,19621.715447667633
265,20380.983808514204
266,17279.727107567527
267,18498.033701043754
268,41383.86787301094
269,36506.083934311995
270,17515.23978813843
271,18702.452166109
272,21461.42647326193
273,24937.856059220903
274,25586.050617847966
275,23500.864006459666
276,92827.49446651753
277,18708.960366873274
278,25009.336133921304
279,19452.144340745635
280,19297.32939016574
281,19145.78758732128
282,25392.00237152368
283,30836.092979754023
284,19145.05633659635
285,21167.341563631177
286,28840.107391777776
287,25557.416581081303
288,26619.98128177262
289,43961.586174426804
290,17424.791608061627
291,17294.40967593545
292,32670.59199418801
293,22016.524873153296
294,39480.0154645449
295,20796.239307732052
296,25978.889128621173
297,27201.021027937295
298,30862.26074065396
299,16140.457731697941
300,19276.31057087214
301,16085.566608070894
302,23484.84724425771
303,23429.53647956877
304,25458.442418001043
305,31266.143534364637
306,17460.697627365396
307,30901.548249315027
308,27544.000861902467
309,31461.17435552744
310,26884.758680262476
311,32381.825272600086
312,22636.073967027867
313,22369.620326607863
314,16707.688086600017
315,25830.66583031531
316,63757.038812821505
317,32662.771734291287
318,34944.56340596284
319,16024.269019583595
320,17338.169538792165
321,17241.260806678267
322,18512.079043904847
323,20956.48594029217
324,29159.990086604827
325,16546.64849999903
326,22406.168136347755
327,19382.02736978228
328,19636.016586533602
329,20808.67136922113
330,20454.522011702695
331,31251.617260507515
332,26888.569796262833
333,18942.934625238904
334,25888.458733749794
335,32840.92456513459
336,42006.03699724204
337,18984.638082196067
338,19711.86097035397
339,23375.14511137096
340,19610.14935242208
341,36956.82011297042
342,17676.75933638271
343,29200.595632507142
344,16550.715455819445
345,53389.35693090112
346,26389.228499505487
347,29754.749089342175
348,28732.15520512117
349,27300.340520687027
350,16809.617625088144
351,17831.822594877194
352,17133.513053749914
353,18936.34898171115
354,16027.331156520897
355,27856.457476459673
356,21239.19946076116
357,20450.121972629553
358,18579.37820843267
359,15923.789452011548
360,17479.37339389679
361,20818.769036829708
362,26936.045519556526
363,19325.70663736963
364,16320.929794590962
365,29765.98324138618
366,22512.700554416402
367,20252.901851554117
368,17285.88523993887
369,18385.468339574396
370,29569.798357423108
371,20116.810562304305
372,23485.863946300295
373,23755.03866000786
374,17564.497067484735
375,23909.6310706484
376,24212.857803111037
377,24287.33837873814
378,26510.490393070886
379,27441.27536805966
380,19009.478513793918
381,27877.77901663637
382,38565.136521379965
383,29451.58330222304
384,16284.95614348641
385,39239.928142442805
386,19680.644865382346
387,21831.213660818314
388,23573.918880876896
389,17942.94757469219
390,24803.22411995775
391,26564.035703719554
392,32663.2873900067
393,28387.58063130295
394,27614.516393469865
395,29678.07453563034
396,19372.816192036556
397,34661.10510265947
398,30059.52361107248
399,17937.66240264689
400,26432.23212983939
401,16246.565766078185
402,17233.192145764006
403,20318.77445465651
404,17240.412031481927
405,25537.928161172764
406,19644.721036367937
407,34232.10125999951
408,35378.451298445216
409,21327.0060868432
410,18454.652182875103
411,29113.251638919657
412,16608.248049810518
413,17728.981147804483
414,16384.393010818174
415,28457.56542855745
416,24342.132014875482
417,17033.099392292766
418,17797.734869763233
419,94363.6087164801
420,22011.937230761305
421,24552.0135739234
422,16808.060371603908
423,20483.98845476463
424,37954.35016855874
425,17288.41082885502
426,20987.308629285115
427,17718.065777357242
428,22751.996263584962
429,16362.793853073454
430,34581.996214305924
431,23069.797861606174
432,17107.215089505502
433,29211.871836473434
434,30491.55047250067
435,16977.689107430615
436,16124.282232837582
437,23955.43174867165
438,16582.024251538573
439,16391.880935795034
440,22140.749744070763
441,22521.841490091872
442,23517.156800470777
443,22583.958438592897
444,25843.38355052485
445,17968.96354108577
446,20536.787755726753
447,27331.362858273347
448,24767.415690895075
449,23426.02956229459
450,21657.588845537713
451,77850.15439643548
452,28852.41325396627
453,24706.02880572503
454,45887.57202170486
455,44857.742132305175
456,31923.886925299063
457,19402.03470259945
458,24224.877537083183
459,16217.724028157718
460,17875.556420206554
461,20707.47180202873
462,19147.358836663498
463,24388.310119038146
464,30231.889049223195
465,19795.280787505588
466,16209.785641923145
467,23254.14928878813
468,22495.580290388083
469,16609.494612184215
470,18398.912381531652
471,22707.020048217015
472,40549.30161260895
473,17717.37754632447
474,30890.92854719705
475,16216.343921394788
476,51401.26444198976
477,27134.623803464598
478,16695.098962707765
479,29435.375342584015
480,27273.402202444555
481,20337.952157039275
482,19120.918065558024
483,18082.30507677644
484,17620.885803594047
485,22504.582441585255
486,30548.58728820563
487,30830.778197983112
488,26632.891114370792
489,16783.66243991181
490,17016.591450478296
491,27760.686202226894
492,21286.721297977598
493,23169.205015019714
494,16061.684854539995
495,21180.02377865767
496,24402.336594643297
497,16735.200246298573
498,35311.604458491136
499,16634.452089523737
500,31981.875131898283
501,17255.573222193598
502,24459.003229773796
503,19015.44565919846
504,23572.226306830526
505,27611.39527367803
506,24709.514302883574
507,23102.247915497508
508,22897.00661124867
509,19750.206494774015
510,21604.65054896528
511,21767.778747372584
512,16213.95216739217
513,16366.816820459033
514,17339.949950112667
515,34702.85587184826
516,26140.72296708623
517,18561.88899585011
518,17709.166628262643
519,21256.28528322641
520,32601.32253583217
521,17240.412031481927
522,32981.075947193225
523,27741.865628318275
524,21386.554752898737
525,30450.639964579907
526,16732.419342396894
527,19983.415504565062
528,27309.258617419557
529,29862.341174286747
530,18026.007161127673
531,22403.05133493335
532,25994.293946485363
533,26076.93313602764
534,19856.39303670292
535,22769.94387404754
536,16995.427350631002
537,23670.229664079856
538,28771.101831483018
539,17758.571384460778
540,25626.792034577382
541,37526.60683001438
542,16731.50747587788
543,25679.534215835898
544,24883.22941538365
545,23514.82629910679
546,16322.898539148566
547,23596.047092364046
548,36049.68505171907
549,32228.425271931475
550,16674.340672682887
551,23965.635687396345
552,41170.404871500956
553,32406.19751980764
554,22741.44477947038
555,17467.88248125022
556,22704.528416273894
557,30461.569071826347
558,17274.132941289346
559,40144.002108851266
560,21023.424621354257
561,16492.374896559017
562,19698.749084672545
563,16700.158485611086
564,24700.674761508857
565,16503.219373749598
566,25731.709892410618
567,16517.23023488424
568,25524.96558377043
569,17733.528137431436
570,16410.95937840149
571,21326.659158705268
572,21169.021794938217
573,42587.15632348946
574,19290.792468267857
575,35000.06449421874
576,21846.569509592664
577,27065.35336940648
578,22365.799118469993
579,16863.175254562182
580,19819.94041127572
581,24203.0000448083
582,19734.821212731953
583,24374.412183523466
584,17248.23761217756
585,25616.79484570517
586,22159.23010207481
587,20265.682573050006
588,16673.761911824033
589,21745.881689780297
590,86810.39141040343
591,16163.21376804402
592,35314.94525741197
593,26779.75550846424
594,21727.88404112581
595,20237.84237051486
596,16160.790196298341
597,25211.903768140917
598,22234.486025674392
599,22661.413281871413
600,18899.74211624483
601,20333.17013271557
602,29737.679815935193
603,17339.54483814549
604,16304.749196744606
605,16027.650802915352
606,19454.609260501
607,26867.303588427072
608,29010.94929658735
609,30171.19292557002
610,29091.043035450006
611,16877.02355638107
612,20786.36495372431
613,23721.54227553775
614,25578.363007195378
615,16728.215462524557
616,28819.12665168129
617,16913.980279454852
618,20423.783183487572
619,16414.491338419775
620,22797.29092017992
621,16818.13337797087
622,18503.2082315224
623,20037.691132027114
624,27825.9511091221
625,35142.97971161234
626,17735.967659021902
627,18514.750914917502
628,17828.100906011194
629,18825.25729310501
630,16436.36922572238
631,20433.104254290472
632,27641.45888641822
633,16124.282232837582
634,18553.3440943735
635,22760.33395755041
636,17893.932532190927
637,23008.527814034744
638,17716.68934202347
639,20205.255472101213
640,26744.324916281512
641,19823.40674354001
642,24999.22345719176
643,16159.837299417186
644,29929.618462882947
645,20218.096048838466
646,16924.65917664651
647,32006.45713094977
648,17487.17905392092
649,22370.077529572347
650,23778.594342412107
651,20002.805205642988
652,24342.060805388173
653,16123.971584309173
654,24458.73618300385
655,16444.961849738575
656,20582.064605991385
657,16341.986343576571
658,17525.355191176463
659,20177.3519499282
660,16199.592757187589
661,17610.869832352528
662,19931.525119644368
663,28329.740732915077
664,19100.04976987239
665,24249.660295796028
666,17555.59399218101
667,17856.168605863433
668,19313.89321550271
669,32242.2834005703
670,23958.695806067586
671,17243.657231305468
672,25914.097701895047
673,27580.384493112273
674,17224.268335007782
675,25428.626975617448
676,20740.007291852053
677,31478.74983472589
678,40326.45491703663
679,19238.06889586917
680,20522.585848751376
681,17426.1381827951
682,26451.062204299255
683,27921.048034721905
684,16593.32583987162
685,17493.82034770635
686,19635.394581212102
687,23854.120454790584
688,24776.91820013873
689,23117.147625815833
690,34904.21717018351
691,18327.648967209967
692,25263.88593318637
693,20635.182461649678
694,23731.786380328107
695,23019.01245320175
696,19533.864489235388
697,21971.05262180866
698,16526.719025749364
699,18942.38242761055
700,21969.91889686745
701,25840.18790811637
702,22466.48902425387
703,24420.850348589593
704,19125.16369100069
705,23331.052516600732
706,30178.762149348473
707,19442.129463980207
708,28669.880361981166
709,16163.21376804402
710,29936.990092465887
711,19100.970139801102
712,19465.705265073728
713,17456.63670208271
714,27093.64649649266
715,17078.178132248242
716,28625.70815588926
717,30034.464876397687
718,26894.918543878382
719,18601.013802645335
720,45185.79185014756
721,22576.414250160244
722,28524.056872338148
723,17016.591450478296
724,23262.328949033596
725,31581.233326363425
726,16391.970852618833
727,18750.82901539414
728,20477.30381993
729,20368.417489152933
730,45010.404367669355
731,16320.947221864883
732,23968.42130501688
733,26374.001340421277
734,24503.480199864804
735,18562.927921574665
736,24534.122212057413
737,32425.451028108975
738,26315.02201858466
739,23729.999393097256
740,17917.32143631336
741,21615.003585088947
742,25458.569335676915
743,17235.552687557778
744,22888.395134158578
745,37841.43205213479
746,17510.340713285546
747,16511.090108136625
748,20905.01680260148
749,25234.343255752716
750,22042.010686893704
751,17372.668768506242
752,19306.137677993756
753,31757.801961118716
754,23764.335333698895
755,20991.875875190035
756,20183.900520822794
757,24393.742428303038
758,22530.910609611106
759,17243.668085841357
760,37594.57853732076
761,25170.32075014519
762,24371.637741814862
763,16493.476665251445
764,23197.488680206145
765,23470.422460955073
766,16994.057798247297
767,19824.883284661693
768,31828.730458478243
769,16756.262702840846
770,19188.982838461186
771,21569.08715139
772,29529.548942609938
773,32174.858600934076
774,18619.161858921827
775,25638.99635444419
776,24153.668110180617
777,16514.414670656355
778,37276.948526662854
779,16518.198102500835
780,26706.890388616528
781,18094.678562019028
782,20567.48486426592
783,24318.99235677676
784,23247.529745686265
785,16423.845479741478
786,39587.019170678526
787,16990.825917040253
788,16813.206776848485
789,17792.58400312212
790,17970.16398505754
791,20589.439945989183
792,19113.364379042603
793,22159.49440068598
794,60111.84748544641
795,17912.800691630233
796,33487.411873105026
797,16522.365002126124
798,19833.901181988847
799,22553.369238728046
800,39926.36150316441
801,20950.08557873765
802,20375.45665818918
803,17159.717816486977
804,25215.940194545656
805,31719.79369165892
806,23218.85768676283
807,20254.842134674233
808,19983.729649137596
809,32415.092943522817
810,38796.23197908267
811,23978.12114921091
812,28370.132693797525
813,18983.89613361931
814,22946.455239030292
815,18290.287575922095
816,25952.316090927816
817,17154.544695445526
818,17625.40302632057
819,37353.55750055479
820,18537.317357314347
821,24285.098768542008
822,16271.117433851969
823,28306.461417813378
824,17069.9661932505
825,19554.07696991494
826,17590.556015256752
827,37943.48584149685
828,17659.739415694323
829,17402.14583612085
830,22299.645987140873
831,16783.542193312845
832,18370.903885167496
833,24542.823318051447
834,30242.858392436872
835,19305.08361501586
836,27845.28854541913
837,18028.430425348015
838,16724.118317679648
839,27796.534879551673
840,19704.638578686598
841,19672.03147601144
842,22832.266460570947
843,18795.895242840677
844,22780.981870679887
845,25448.108176209305
846,23037.966043846838
847,28166.199188246697
848,36188.11816840108
849,17034.177562437646
850,18691.957201991216
851,20599.31480788029
852,20584.755919437135
853,17056.222453841343
854,27758.99328694191
855,36080.75857183782
856,25750.7751583637
857,18039.42900166205
858,24542.834643156508
859,17140.592078330876
860,18836.553541002548
861,20823.641749971768
862,39838.74200324381
863,26806.893151441247
864,16579.78170891763
865,36149.246530794415
866,26475.941356967847
867,29950.191974046716
868,41582.668595018105
869,16390.413084041113
870,16913.90068938308
871,16395.13650862739
872,29949.226472700346
873,28856.052665714837
874,20459.24488169263
875,31097.6428950137
876,17560.829686808403
877,35270.30865378041
878,39420.035582032986
879,28626.256990937003
880,23324.72095034133
881,16564.160267648887
882,25078.912524640633
883,16248.582115413677
884,18652.701859696102
885,18653.419678455866
886,20440.76275233882
887,25770.503001390476
888,27007.37102787287
889,22323.02441306101
890,30023.726012288793
891,20807.89361716577
892,16520.07767217772
893,32735.8651391871
894,17354.0592070739
895,19092.650804654106
896,17717.792250461287
897,17486.140693713267
898,26302.5866612249
899,18873.777390427193
900,19988.805774869827
901,44172.89012059787
902,34654.11245168212
903,28047.04322631605
904,31043.471549030433
905,16560.67468380211
906,22870.38318918007
907,16246.25060437988
908,18811.054507239143
909,19564.46289121662
910,36129.980320696275
911,30424.554511854116
912,16102.637226906181
913,24612.19213882131
914,17079.808290833138
915,17309.875031648764
916,25242.777298150242
917,18747.63193452162
918,20984.1725679129
919,29332.425527275213
920,24270.80613866651
921,21535.835520515553
922,17359.27058298395
923,26819.488668634473
924,25832.036153719193
925,17751.114346004855
926,24718.83699743553
927,44205.331099283634
928,22069.301323523745
929,31342.18822559741
930,17732.647455058996
931,18428.09714980386
932,41472.31382764817
933,16728.215462524557
934,28507.921738811132
935,28900.619149956194
936,16603.634803537043
937,34041.23555950816
938,32857.22613713068
939,18417.485054352393
940,20898.612484472298
941,19337.175324008174
942,27304.618382825134
943,23721.304907497386
944,16382.824439234004
945,31114.71555757022
946,18916.15502941386
947,20447.457936043087
948,18291.347997194014
949,23499.422449697886
950,16681.073023617842
951,24048.43522598911
952,37027.01227627967
953,16493.06546662761
954,20814.12256090855
955,18816.057454026737
956,16335.630436020318
957,19733.400149428802
958,38545.670805529124
959,17148.50028109174
960,23330.326317040253
961,25293.267574760797
962,30762.94798179451
963,40416.16498206161
964,25933.253826786833
965,17048.615720903126
966,35079.13465653807
967,24430.633795879607
968,84945.3641938458
969,17942.337133958346
970,26806.29782628289
971,16355.790883872809
972,25160.111962876625
973,44409.73897045291
974,16863.42239601147
975,17466.24373559255
976,16965.665633983397
977,16709.559962307383
978,25213.24242320146
979,17674.2409528713
980,68261.82209446741
981,16707.688086600017
982,18271.40819683567
983,44555.992724795135
984,31627.784320962262
985,18657.10907053959
986,19234.18464370045
987,15986.51707180664
988,20696.79398978718
989,18772.74410402261
990,24217.825354569333
991,16980.185320302597
992,29655.08940985765
993,17298.072834270122
994,18003.94200430112
995,37047.95938530649
996,16402.17424601476
997,15977.678438271147
998,26437.493192776135
999,20320.388593033047
1000,24368.62598318938
1001,35247.57213246558
1002,24339.92721917506
1003,21520.234551036647
1004,23604.007310902278
1005,26067.52114500344
1006,32189.862622974117
1007,33203.96285269853
1008,27941.212630138118
1009,17491.85251071183
1010,20243.590887114096
1011,30077.09035668486
1012,17019.220331142053
1013,26693.45400819372
1014,22224.644247854852
1015,19786.57567907744
1016,62700.82739716253
1017,23541.76788076343
1018,18403.346989460355
1019,20110.440092765282
1020,23492.74548281703
1021,17843.36317436276
1022,20812.29698763509
1023,18270.951113333205
1024,31048.238610954108
1025,16902.202960981776
1026,16968.62294428297
1027,28020.900059322343
1028,16049.763614299185
1029,39383.705278472415
1030,18128.446650765327
1031,25731.60820513843
1032,18249.875341666302
1033,16445.75650808799
1034,17974.83383131997
1035,20585.86072499219
1036,26451.62310939044
1037,17392.255968331818
1038,27962.33804292975
1039,17165.27773751135
1040,29641.115350064883
1041,25848.763190971713
1042,27218.77528025593
1043,21534.97584698765
1044,118213.91140841407
1045,18226.86685447186
1046,27723.26376411262
1047,32402.633589235924
1048,37404.47008029887
1049,28093.54657392543
1050,41428.592153125
1051,21623.757967157384
1052,20366.91555480265
1053,24987.51019356527
1054,21476.918593411996
1055,25009.078535094814
1056,20867.692573189328
1057,27703.517163311968
1058,21345.17532188367
1059,25602.710103546127
1060,17267.73481800958
1061,22241.04088557942
1062,31850.11500328969
1063,17731.95178876566
1064,23985.44431671636
1065,53686.47065216902
1066,23750.007041382207
1067,21266.843690168527
1068,18283.40068204314
1069,18207.341825979744
1070,24051.35687185203
1071,22527.05048741083
1072,17046.135301338043
1073,25022.69831577312
1074,16452.002115658914
1075,27862.162179909297
1076,17888.173476336633
1077,19292.03331482706
1078,25776.11455487379
1079,23641.231835853283
1080,25099.48403062053
1081,33774.34526864275
1082,17335.20679217928
1083,18311.373378006814
1084,16602.40370695571
1085,17078.457103849592
1086,21022.25836030966
1087,23909.705148033252
1088,24540.5061025801
1089,17078.457103849592
1090,44224.5098189813
1091,37738.971209505915
1092,26510.68759334506
1093,16985.729534864466
1094,21548.075996400214
1095,25260.294772550686
1096,96222.688187555
1097,21566.210937704007
1098,16325.379196000931
1099,26681.9549896885
1100,37029.084772828435
1101,41775.42870470931
1102,22606.560572203198
1103,19678.116565399752
1104,21423.969688943296
1105,41032.759764112096
1106,45514.64726040587
1107,19342.27939101868
1108,36715.36486376461
1109,23572.226306830526
1110,16464.614066694903
1111,25797.86019375613
1112,17243.668085841357
1113,18749.910181792402
1114,40667.96041864273
1115,25246.066955920993
1116,17169.83129214972
1117,17073.761959694806
1118,21805.023544928175
1119,24015.558906169263
1120,29443.300675781356
1121,30650.737088541777
1122,20905.860427673226
1123,17753.51833969888
1124,29844.817675586135
1125,20083.371322254414
1126,29100.71943783013
1127,32355.81798769534
1128,20175.752439657994
1129,18664.94057946304
1130,42707.69095300512
1131,25784.559514625318
1132,24211.69334193616
1133,24069.27515091113
1134,19351.46164309916
1135,41461.53490712118
1136,19179.98113482709
1137,57023.273395094584
1138,27093.607502598017
1139,23483.615370684838
1140,20490.060541768533
1141,16681.073023617842
1142,17019.920096375237
1143,29097.42247924212
1144,22173.412848617678
1145,35129.28399882132
1146,19550.965996803792
1147,18798.976741010756
1148,31536.795376769598
1149,49090.36040789213
1150,25750.27095163581
1151,20258.941161489827
1152,16964.539820551487
1153,16947.915954007134
1154,16746.172961611566
1155,17336.94368025519
1156,24460.15147543463
1157,17479.44420060983
1158,16823.033913354855
1159,17542.382625816128
1160,27799.051876203863
1161,26191.086516629162
1162,28576.36165283058
1163,19836.8424612562
1164,40791.04430288585
1165,19715.15046085428
1166,23752.7944151412
1167,20662.443196688884
1168,16597.211923679573
1169,17330.33727518825
1170,25127.260151205297
1171,18006.71529400646
1172,33628.930234238025
1173,139887.99059506063
1174,16274.28640498322
1175,23585.32094626993
1176,22662.78266787988
1177,29230.99002036338
1178,23211.36707238183
1179,36288.68726043525
1180,19756.50006705091
1181,97803.5870619751
1182,16506.957591802773
1183,18169.608315500176
1184,34324.860849935976
1185,18235.186158066837
1186,17413.755188263745
1187,18707.92708317551
1188,18430.690850722716
1189,35043.41911553206
1190,19023.000225688196
1191,36598.05709514053
1192,26643.97853761217
1193,19478.53570608129
1194,24154.6635754078
1195,19756.647902666726
1196,18450.83680808349
1197,17804.139070382345
1198,19207.081749161138
1199,28415.995476707187
1200,19222.871029577946
1201,27723.78402474482
1202,21990.017303783778
1203,16127.143402773052
1204,18160.938323630293
1205,23213.471205737664
1206,26278.06825804063
1207,25215.95721845265
1208,22541.41281994361
1209,33543.32150622667
1210,39706.687258848855
1211,122155.30607162764
1212,16652.774693070976
1213,23772.182477322538
1214,29316.2646721853
1215,37146.20581679983
1216,33419.516640840106
1217,32804.775054401885
1218,16514.040281834274
1219,23834.402669509636
1220,41220.029354819366
1221,18431.036887166905
1222,20851.360022612946
1223,24212.53324644627
1224,30121.900578371467
1225,43315.07443664422
1226,23821.642821831698
1227,65174.48832006868
1228,20601.784490801787
1229,32081.57180495539
1230,26567.65357552251
1231,29567.595853051367
1232,22756.6401054994
1233,18753.105314031058
1234,17465.77356795662
1235,28112.8173336993
1236,17561.632129378646
1237,16182.419239544555
1238,23918.848627232393
1239,27227.13284948409
1240,26671.862126259184
1241,22997.091527482877
1242,16553.66098064823
1243,17272.451703238345
1244,18064.659083922525
1245,24141.371332573635
1246,44225.26651007842
1247,27505.87019771242
1248,16173.664201993251
1249,26155.884469257726
1250,17838.33496889197
1251,19278.71637091014
1252,19402.570193298685
1253,25726.831473994273
1254,21958.417627511837
1255,30070.353708327882
1256,16399.071781584433
1257,23473.788673728235
1258,24240.43454552347
1259,28913.660187555848
1260,16354.55239064683
1261,18797.271887902196
1262,18924.756751448836
1263,16458.98338765956
1264,16310.864679576198
1265,18061.05244355506
1266,26784.18116114911
1267,17919.900477774452
1268,27549.879493260025
1269,24876.597485616017
1270,16410.95937840149
1271,23003.87431789382
1272,16000.158405135277
1273,27075.533751383162
1274,32744.329132480972
1275,20569.639493279283
1276,33113.883680140265
1277,16580.87324590352
1278,16938.68807704325
1279,27911.69920936771
1280,17240.412031481927
1281,35054.708894444106
1282,32177.0546041122
1283,16252.346214483072
1284,16826.054807608773
1285,18742.174638534372
1286,22737.33073984299
1287,29631.342131130812
1288,16093.912938261023
1289,28297.68201608923
1290,25201.655446265413
1291,17601.33446365152
1292,45347.36991577239
1293,24067.51196456224
1294,20981.167459044707
1295,16832.83500954419
1296,31716.049526343773
1297,16638.59996550592
1298,19411.791135553696
1299,26355.16766602
1300,19513.726826131453
1301,85498.24439640666
1302,16559.033987269788
1303,24264.94967845885
1304,16130.808131520529
1305,17075.548143457785
1306,33388.51418874752
1307,21466.953935440088
1308,17166.505918121133
1309,18744.34470579091
1310,27557.111242565916
1311,18163.706015012318
1312,17560.78277963573
1313,17398.78921439367
1314,26302.820325855264
1315,47471.515328175854
1316,42428.35569689742
1317,16474.9480237222
1318,33377.262577970585
1319,16683.82953378553
1320,22114.861519989212
1321,28935.712088243854
1322,19316.498069691548
1323,108457.51976632635
1324,31734.210434509765
1325,24448.37617398948
1326,28105.76487950915
1327,27328.540893393976
1328,26809.37322554391
1329,28935.528031723137
1330,22005.005888367185
1331,35722.50722934646
1332,26773.93528626003
1333,16102.835307441364
1334,25209.489940620366
1335,28104.29732506761
1336,30975.430962244387
1337,25814.427362388098
1338,43801.803708980624
1339,20301.38885134043
1340,42344.51576469852
1341,49796.61386074695
1342,28804.93651262824
1343,36105.1198256046
1344,19388.344995794687
1345,22269.995154864235
1346,25021.24644343477
1347,27846.3410953125
1348,21697.407263484372
1349,24975.79018326267
1350,18959.809332758603
1351,17081.413351898613
1352,27578.645085853863
1353,16496.608630924187
1354,16505.94577389604
1355,17340.70570824027
1356,23272.589494367552
1357,36855.727803081834
1358,21247.970300769313
1359,17527.22320373176
1360,19431.38163481353
1361,30857.360307004314
1362,24867.416270610694
1363,17874.819688946904
1364,16609.706119733833
1365,26901.661180946772
1366,27258.770808155023
1367,20493.51368060148
1368,27848.615452164842
1369,18842.785452121327
1370,17735.221181684523
1371,25255.943271774235
1372,16494.185883803642
1373,26768.820056463286
1374,21473.918314209626
1375,28501.952897612926
1376,25998.15928930081
1377,42253.34695568999
1378,16726.97486289135
1379,16562.48035909576
1380,19957.583717582922
1381,33884.038133567105
1382,30928.888757462504
1383,24668.46088486163
1384,17160.92166052677
1385,30790.910995568272
1386,22124.722716630153
1387,39828.301992892295
1388,16963.79972550759
1389,25652.355585087607
1390,29714.955022368296
1391,23086.1955579525
1392,24169.96448761891
1393,28076.088172361033
1394,30006.31939617662
1395,20628.6743722092
1396,37002.40257164944
1397,17168.1467407775
1398,33011.073690238445
1399,25722.482926658795
1400,36743.54611085015
1401,27030.800587611804
1402,23732.531507620923
1403,16780.449513582233
1404,20928.293814640754
1405,17745.98509391525
1406,26299.44922402596
1407,21884.233728932526
1408,16018.003468742096
1409,26206.47410595472
1410,22398.473636002294
1411,34125.489884111805
1412,16849.55404769427
1413,21722.320709424836
1414,15939.731253399414
1415,20973.161345692963
1416,17243.668085841357
1417,37702.213149794065
1418,28510.243215198305
1419,16495.547717703364
1420,17881.15691836034
1421,16590.66476248276
1422,24086.70831044558
1423,22472.631692223233
1424,18588.592228258516
1425,26440.34964622396
1426,20047.832637347594
1427,18801.91793174086
1428,32548.666374923094
1429,21405.461166368492
1430,125012.73753799048
1431,28764.976466130753
1432,27247.43937740713
1433,29260.45536232136
1434,19398.167352771572
1435,41328.24705849204
1436,23942.467143185524
1437,54890.15767394015
1438,25582.742137700672
1439,18764.393676718628
1440,16244.910276304148
1441,19852.795442875107
1442,16625.60415493673
1443,24340.475325540465
1444,28121.54856002026
1445,16645.831736900596
1446,33369.011577283505
1447,17044.333999085262
1448,17287.946661856473
1449,27738.671277550427
1450,28588.261630792018
1451,16462.466509678066
1452,24150.39973669217
1453,17095.531551451255
1454,26551.13085014278
1455,29799.75561616105
1456,27940.5202585031
1457,26711.194326378016
1458,28521.93945901073
1459,16227.942831485112
1460,23023.62326064092
1461,19086.193115769365
1462,24283.203115618453
1463,25139.820314323824
1464,18373.866559276892
1465,52986.45960232238
1466,27540.66099216174
1467,24573.543603018363
1468,17661.080771901954
1469,23823.44822120045
1470,19415.038066381123
1471,28136.98140815803
1472,27776.471811506774
1473,19329.396663615495
1474,32440.1431399354
1475,16681.073023617842
1476,42942.704477959414
1477,18145.875065819917
1478,17096.176826357227
1479,32547.736889643435
1480,16118.719177722433
1481,21585.87191706826
1482,37738.33925234342
1483,23090.738407986784
1484,24220.85552560942
1485,16929.101871701354
1486,19114.99084590978
1487,18290.392552341043
1488,28769.188151490307
1489,22135.935417788776
1490,28161.205453539773
1491,17459.777030146404
1492,19524.542699715577
1493,20761.26431832018
1494,17585.64403148702
1495,18489.74239839371
1496,27008.01691417142
1497,20685.29914865352
1498,19516.196031724456
1499,51513.90580750827
1500,20355.054623153097
1501,16800.67529864864
1502,25789.86821968893
1503,21994.48821300818
1504,16440.361136533396
1505,17347.67926349345
1506,23316.904136196063
1507,23807.890232121856
1508,21008.973351807846
1509,26221.163695991167
1510,18899.74211624483
1511,61623.09507153874
1512,24071.45403102414
1513,52478.19046154265
1514,23335.926434821064
1515,23448.04573828346
1516,41602.94162986476
1517,26406.43957052181
1518,24498.836304627053
1519,19854.962294788205
1520,24300.984735894566
1521,25574.006163360977
1522,18383.698374568576
1523,17969.203369587547
1524,18852.03492366416
1525,18108.385349711232
1526,43898.216527008124
1527,25576.627970456528
1528,25486.73589250888
1529,16477.739439168083
1530,20875.439984050645
1531,45630.76718742831
1532,17475.43175942402
1533,21081.579126282664
1534,40885.70398023535
1535,24818.772547309054
1536,15971.70537911877
1537,25602.4888725547
1538,18142.6654744828
1539,20878.707518731382
1540,16682.674487241726
1541,25234.676284632693
1542,30747.5851278419
1543,18592.85552439796
1544,18442.474708114034
1545,18370.924863269596
1546,17252.697129045362
1547,16821.300220900164
1548,17244.818237022042
1549,19216.562879123892
1550,24370.58170618123
1551,36475.50963825003
1552,25380.116643886722
1553,18713.444134712623
1554,23689.53949394898
1555,17340.61030993813
1556,28698.454639613512
1557,35091.11567691011
1558,24782.333355875075
1559,16808.609233412335
1560,18743.09798043159
1561,18123.582585021508
1562,25858.158624215626
1563,16718.06205375739
1564,95222.28055275166
1565,22456.002475881538
1566,22420.720081148535
1567,17158.4801871333
1568,16982.942932451802
1569,29187.24807560252
1570,29531.310422670227
1571,25836.286212838117
1572,25432.612769217623
1573,25637.15161413171
1574,31411.558177964835
1575,48395.05079411661
1576,15992.310861019285
1577,20155.99407245988
1578,19092.89022729596
1579,16708.73645631139
1580,26790.685370448704
1581,44454.32172197553
1582,23783.91880786337
1583,25179.683607661475
1584,33489.048449054244
1585,22734.00805944228
1586,37535.55055051862
1587,29507.124933132083
1588,18217.896919957293
1589,27720.03820726118
1590,27182.421902088434
1591,25710.566651648063
1592,18835.243606606018
1593,17353.187502760396
1594,27979.329205429305
1595,17159.717816486977
1596,36869.62179665114
1597,20569.292919143172
1598,24570.14602057985
1599,16708.62399824187
1600,24895.076315472867
1601,17968.642871601467
1602,16857.91839673289
1603,24781.28481633299
1604,17055.093944674278
1605,25895.990439080142
1606,16009.236677173463
1607,16296.174513858148
1608,38843.88997822485
1609,28428.54655895942
1610,25714.79428693669
1611,16586.93934600494
1612,16812.025763376958
1613,17155.63952542078
1614,18685.305245672687
1615,21820.724467506476
1616,16292.541166976906
1617,25882.08049821733
1618,22964.672956263
1619,27938.19020019569
1620,27027.76289329019
1621,18743.04586336424
1622,21075.0185385734
1623,78205.19504211488
1624,28519.681882589026
1625,20275.770844844104
1626,17752.298772761045
1627,17766.578569670695
1628,17765.0418580178
1629,15943.980547493995
1630,17500.2972579637
1631,25235.99118006257
1632,27720.01673795831
1633,17720.18014869943
1634,22601.953519995917
1635,22248.140618384015
1636,17693.90862378702
1637,17735.81993253699
1638,16799.806855452
1639,19901.32148665529
1640,45716.353551594286
1641,17373.480426767313
1642,18140.95899227854
1643,38825.802622325056
1644,18439.59219123828
1645,19894.696200803286
1646,18004.513411960663
1647,17416.073358464488
1648,26357.026313421047
1649,25735.793319103628
1650,18728.83945890665
1651,17644.100180643396
1652,25976.805373018793
1653,19274.709528905492
1654,16205.49710348195
1655,37537.196073524414
1656,27452.099426612647
1657,20608.282017923375
1658,22359.138908831286
1659,30762.40154608743
1660,17267.44043869694
1661,21250.41794145311
1662,17254.777335056384
1663,20729.728604611944
1664,22895.126147356634
1665,21503.11511150176
1666,17197.740414412292
1667,28329.29510531458
1668,19673.653567635865
1669,29370.003982240283
1670,19494.17495141797
1671,26067.618748947913
1672,16502.853138718852
1673,28992.860188381193
1674,24132.045316700915
1675,22339.193772828807
1676,38601.67630287637
1677,27940.3413060694
1678,89747.58125047712
1679,19650.060940028077
1680,37538.59074866791
1681,17798.663450966127
1682,20206.998320775067
1683,19243.775055476002
1684,23367.70835751012
1685,27249.836835508508
1686,18515.946247497846
1687,27446.55252662432
1688,27931.569284218396
1689,25914.112298490418
1690,21850.46024848128
1691,30798.9534356157
1692,16872.808574738392
1693,15953.236200391178
1694,33478.58795562433
1695,36315.10028244082
1696,18612.32014609219
1697,29954.740752557424
1698,17328.14548914054
1699,19513.726826131453
1700,27050.070558661002
1701,24584.438605845648
1702,18123.31279015979
1703,29850.51690281938
1704,21594.227848414106
1705,22738.139038808502
1706,23719.3854451695
1707,24382.743354008737
1708,22576.419449180343
1709,16076.779402157978
1710,30388.833980211934
1711,16878.488236283756
1712,24579.184276377797
1713,26629.75520542635
1714,25262.559001554924
1715,41980.49329553491
1716,32296.483291205725
1717,19799.434000237583
1718,22823.07606130356
1719,17899.9617342109
1720,24002.951534455955
1721,51957.69909253072
1722,27312.954681639887
1723,24989.272711805454
1724,17367.295794929563
1725,16662.875962938168
1726,35760.20862156815
1727,19983.63335814091
1728,23681.92409170242
1729,17273.080171679943
1730,24645.486657878664
1731,17873.79445128095
1732,19817.09905833985
1733,23809.784883910568
1734,20423.44436380871
1735,26809.339771932442
1736,16524.633891449495
1737,17643.794809449744
1738,17185.609819496414
1739,18801.91793174086
1740,16909.78011552305
1741,29942.20762075633
1742,16964.49406944136
1743,29081.801363929455
1744,31078.936769996533
1745,34050.22277201386
1746,19625.8226359775
1747,16178.893101028978
1748,21023.16998190661
1749,18082.881331969867
1750,23588.96528573356
1751,17545.972413965595
1752,25802.66894048879
1753,16673.06579133191
1754,38323.57690975188
1755,20025.34785980207
1756,16487.790295095172
1757,32608.530478805045
1758,32594.08047426802
1759,16756.362768475345
1760,18801.91793174086
1761,21141.766742763506
1762,19921.667488432704
1763,20130.257462589263
1764,18753.257847522476
1765,25205.593972869734
1766,18298.05208571943
1767,27643.704599785447
1768,20150.77941688256
1769,17168.671305814023
1770,41201.16975415675
1771,32411.037268016164
1772,27625.15455991354
1773,22844.11579052295
1774,38235.26210319482
1775,23840.368605418047
1776,18561.71017799752
1777,32594.311963191856
1778,17792.626845297505
1779,28411.686828187005
1780,19285.744957856652
1781,34147.803836969135
1782,19097.79155931128
1783,20598.194955211413
1784,25055.520314999765
1785,18899.74211624483
1786,40014.26377600438
1787,42149.97388143358
1788,23343.503069761384
1789,30083.249486307493
1790,17375.65720590526
1791,16350.518125164832
1792,21783.332909826775
1793,28281.61888944973
1794,16522.154993696797
1795,19130.770878062227
1796,43782.26001289094
1797,36858.62655173664
1798,25136.720284943
1799,23584.773232915322
1800,19733.639085274157
1801,16805.136932492467
1802,23607.724074529044
1803,23533.702790728385
1804,17571.736159383272
1805,55941.86920578789
1806,17830.573149404674
1807,22635.004614419064
1808,23323.19072921828
1809,24263.248104354134
1810,40161.12580593462
1811,19780.57629850382
1812,16866.22856762535
1813,31013.009517716597
1814,35401.925765154236
1815,25892.966597201616
1816,19089.544760095647
1817,35585.74547010757
1818,20370.794833626464
1819,17073.06586663127
1820,31520.58569225812
1821,35058.57975909285
1822,17646.640611995907
1823,18801.91793174086
1824,26687.81442471204
1825,26654.99354299764
1826,17289.461069625773
1827,19128.603961624016
1828,25908.06021343041
1829,18796.01314914901
1830,18177.197567164407
1831,21625.39866800188
1832,18595.9324067316
1833,24988.332132122847
1834,16805.30419105413
1835,18689.338026701815
1836,16109.958817966788
1837,16368.702251312612
1838,16601.25679325924
1839,15999.738335969043
1840,21909.732848578406
1841,28420.606666300555
1842,29455.798092404642
1843,22735.12901360218
1844,18890.648873914015
1845,16911.794227598984
1846,23090.387242676392
1847,19324.481577091497
1848,21226.654073914815
1849,17536.879987368575
1850,18949.037716897637
1851,16288.847890372583
1852,17801.08166386719
1853,48694.95834394962
1854,24258.7925668085
1855,18450.823153566456
1856,35037.631752287576
1857,17057.929617801547
1858,32811.96956762821
1859,16555.108135805265
1860,16930.33702181833
1861,20812.35852199901
1862,17898.054170241357
1863,16681.073023617842
1864,19159.812232294673
1865,16897.092617067065
1866,22294.432522191222
1867,37871.12873084952
1868,25229.693526206327
1869,24173.043722282597
1870,16599.283541892364
1871,16553.5179972868
1872,20642.236993323382
1873,29188.471066363432
1874,17458.668778435298
1875,21282.636570071933
1876,29245.158262859022
1877,38062.94398361061
1878,16438.235729067088
1879,21350.762297147427
1880,22029.004307849074
1881,21183.37882521005
1882,18221.014869698145
1883,21465.28879949215
1884,17256.713660378548
1885,18801.91793174086
1886,26391.52320296441
1887,19576.497607968802
1888,29582.407629726444
1889,23456.62088991013
1890,17367.337568722654
1891,32376.13362534116
1892,20297.237345772588
1893,36467.769102958606
1894,19695.21760094979
1895,17590.17748356048
1896,51650.32457259969
1897,25475.518420539192
1898,25822.5743720595
1899,18404.31984052404
1900,23431.718476751874
1901,17358.62927852171
1902,21572.472514127134
1903,36289.88803173018
1904,47153.36806580662
1905,38640.18183184031
1906,18630.198359212158
1907,24768.957709139155
1908,18243.12692104386
1909,30957.567299562426
1910,23123.888519076074
1911,23196.851978409817
1912,19452.144340745635
1913,18415.880432992548
1914,20911.313555940582
1915,19463.01393227199
1916,21938.71607674613
1917,16241.118068127322
1918,19557.188438022567
1919,16077.59240538485
1920,18800.516167883176
1921,18346.70731734913
1922,20254.161790699593
1923,17059.8472394232
1924,37491.853802961006
1925,22613.67228413814
1926,29988.73530743601
1927,19071.64951101279
1928,45342.931542201964
1929,16343.025759112932
1930,29932.143975373245
1931,23124.800062074708
1932,24897.133197384734
1933,25162.765640785194
1934,17205.554611196923
1935,19448.58106239222
1936,21581.32242777095
1937,18642.023836386965
1938,30285.086096103205
1939,22590.03876426896
1940,26757.13879203771
1941,24763.375634832286
1942,18011.038336135964
1943,23643.874000841442
1944,32068.2169512494
1945,27315.67876847576
1946,16401.91414718694
1947,18759.551852154942
1948,24928.29317645099
1949,16596.188588005716
1950,50351.00621587657
1951,24474.36227854944
1952,17874.112491283126
1953,24623.016035340712
1954,36755.3831252987
1955,16453.600525193127
1956,19206.48196058346
1957,24405.462788352288
1958,16836.39952242782
1959,17287.673416335758
1960,27074.58475819113
1961,19478.763277134436
1962,36299.611192789525
1963,20084.169652671604
1964,22733.559320575325
1965,16137.613139390045
1966,20899.56625506285
1967,17451.72837253462
1968,23372.00537088864
1969,35087.714356124656
1970,16400.77837256559
1971,16959.487490563784
1972,58188.4794361921
1973,30524.347889964723
1974,27795.364360013005
1975,24952.001835335326
1976,16013.183967174806
1977,25048.414690030517
1978,26374.52862074528
1979,18489.908512594604
1980,24089.405352658276
1981,23764.01805894467
1982,19195.540597118903
1983,22886.832727460267
1984,18027.95004803108
1985,24620.988280501304
1986,24271.55634291068
1987,33450.395854411225
1988,18484.55264124823
1989,18638.126302168475
1990,16012.068760293232
1991,18210.454245532444
1992,25532.111296419924
1993,17175.538063692748
1994,16403.978523726753
1995,20926.71601827734
1996,21625.29373749237
1997,19895.206212478006
1998,19403.50941105006
1999,35758.456278401805
2000,22470.067920944657
2001,19282.64535826278
2002,20099.69738888176
2003,19287.37993328835
2004,23596.451329882195
2005,23108.085853964265
2006,22163.331943487712
2007,36522.3677655134
2008,21871.776784585003
2009,24579.500927221594
2010,17154.544695445526
2011,17797.69618713722
2012,39761.43455833296
2013,45480.73324803143
2014,25437.787686272477
2015,25247.36736930484
2016,35912.789915666275
2017,38689.473624800696
2018,28530.37981205611
2019,26440.76317833225
2020,16060.123576823526
2021,19823.54050231306
2022,17793.307400720983
2023,16964.49406944136
2024,21385.392899226765
2025,16841.53063102266
2026,18288.930002833156
2027,25145.72380972262
2028,23236.186098229467
2029,16731.435689718553
2030,18319.330190659515
2031,21324.34697697732
2032,37282.717766934795
2033,19600.947866805873
2034,40041.96275535426
2035,41572.51283195155
2036,20038.218800773924
2037,22002.29930528147
2038,20014.34745237243
2039,17147.427031403993
2040,21501.053023740613
2041,23477.880852113398
2042,32049.57010254539
2043,17869.746834871294
2044,28834.509264278928
2045,30268.77007108509
2046,40612.51209340148
2047,35154.291220952655
2048,17515.6933935137
2049,19637.882720716967
2050,20375.054821517584
2051,23400.45332574108
2052,22434.112023093607
2053,25593.681469927193
2054,20931.756440447516
2055,16674.148134614352
2056,22484.80881116456
2057,20792.504614364138
2058,20986.202279792822
2059,16060.13642911217
2060,16946.63305609201
2061,26933.985489909774
2062,18540.277016131065
2063,25822.40257448374
2064,16783.206368068008
2065,16486.8430084171
2066,25792.180879916257
2067,17890.971406098557
2068,29186.27926621312
2069,24323.766121631666
2070,37308.832811949134
2071,23967.95189349951
2072,25978.533808942935
2073,23764.20790922016
2074,35326.687012641836
2075,17116.306547840475
2076,43750.90277110811
2077,25944.624687830466
2078,16413.360951592134
2079,18171.064978379894
2080,16588.034338517526
2081,66092.91186511653
2082,18389.126398067216
2083,25137.51982515861
2084,19159.471349184834
2085,18517.50540272108
2086,26567.729240512108
2087,19093.996642888902
2088,40948.78672945349
2089,17229.83290801872
2090,17608.949057770235
2091,51553.96100231729
2092,21907.062513878664
2093,18079.334285753772
2094,15892.576058908058
2095,16604.63439753668
2096,21439.403449566966
2097,31784.56737857298
2098,16663.022560482794
2099,19214.497547303123
2100,18859.720885226605
2101,19840.59956470612
2102,33745.218130592766
2103,24928.20429267491
2104,19771.283822726647
2105,18455.27432546184
2106,31553.610604630412
2107,20430.410161213316
2108,23787.031062643844
2109,19513.726826131453
2110,27766.117813701097
2111,16163.21376804402
2112,44222.88377700152
2113,25383.98635137325
2114,33250.87178020302
2115,30369.934149870307
2116,20220.986195312016
2117,17459.88627924891
2118,16703.976012610565
2119,24441.08629137765
2120,23819.82372982183
2121,22583.792865534437
2122,24374.44153014914
2123,20764.15598180741
2124,17395.598369936324
2125,17379.87519386477
2126,19081.68047203337
2127,25527.398833286334
2128,16749.376909947627
2129,37558.77122180834
2130,49435.68296170579
2131,25404.28289875418
2132,31862.935034965583
2133,17903.556291605702
2134,24870.5863593561
2135,24913.359834203442
2136,17621.265810597924
2137,35442.5380273721
2138,17426.039266987504
2139,50614.20051822078
2140,33513.76973785317
2141,16193.21777070455
2142,18354.784278303996
2143,23127.982951974293
2144,21764.64210724062
2145,24969.76065966805
2146,33967.37969469243
2147,29724.395076170375
2148,24797.176790520683
2149,25540.546916991327
2150,37325.4162156013
2151,16513.14857817262
2152,21255.66107207445
2153,23997.931808578727
2154,21083.62023790091
2155,40691.29519139472
2156,17365.918105265842
2157,18157.039050021616
2158,16842.025823934116
2159,21901.207492079036
2160,25696.602975281836
2161,39095.36531696466
2162,23467.976936429437
2163,26114.965158777937
2164,16559.303936173863
2165,27338.698813755553
2166,22223.059691343282
2167,34869.095546359575
2168,17020.985865271054
2169,28179.05300444901
2170,24109.28910486701
2171,16726.98490238669
2172,20806.578358234878
2173,24849.651799799067
2174,27656.89994976159
2175,22674.30573070379
2176,17404.77804215136
2177,17668.076903189587
2178,23572.226306830526
2179,23748.047926120533
2180,27982.59936580481
2181,24333.140685913753
2182,18330.220485971055
2183,18491.77469365102
2184,18916.82085851319
2185,18601.86933744977
2186,25227.719253305706
2187,16843.955507796876
2188,27178.541392402476
2189,25667.741518662373
2190,25796.742288813857
2191,17016.576243969637
2192,19111.361680569447
2193,25285.53253150983
2194,19016.238877487805
2195,21546.922897876233
2196,23733.40343478687
2197,22080.511470812446
2198,20972.052728610113
2199,35122.15600459411
2200,29875.621009624458
2201,23442.436951722575
2202,16739.294563064243
2203,28005.71454996724
2204,21079.00813592063
2205,16746.592273860802
2206,102421.32831487602
2207,24569.04936359229
2208,49605.26290608361
2209,23174.7234418882
2210,24685.006655558518
2211,33614.42639074024
2212,33334.72192898327
2213,27117.07138768309
2214,21678.103703683857
2215,16230.370226014857
2216,33884.89732658182
2217,23908.22437062411
2218,17290.51398541581
2219,18349.858004640566
2220,23733.403515893948
2221,23153.67545009905
2222,16139.383248697943
2223,30473.704512775177
2224,27377.89617454765
2225,17383.781268959185
2226,33879.36360921238
2227,18470.516503967414
2228,17218.733491637475
2229,36428.35228082711
2230,17183.93288586246
2231,19225.4875851845
2232,21916.16718359639
2233,18583.251985332772
2234,16820.157904356267
2235,40264.22496919582
2236,26749.475657960636
2237,22586.282758836278
2238,18329.79710340018
2239,16614.67600506617
2240,16498.989297787197
2241,28310.030389007523
2242,20640.289537292945
2243,31531.81552143532
2244,23636.683700357553
2245,32746.779819464162
2246,22857.34947475137
2247,20014.779150599887
2248,17219.088591199936
2249,18808.770205609657
2250,20921.164879077336
2251,17839.622824906903
2252,31251.080220664204
2253,25409.446143556284
2254,23794.421505011233
2255,18293.504269952733
2256,18673.13585460212
2257,17321.55216183282
2258,50197.22784481572
2259,28326.241730864316
2260,46352.66134094429
2261,18059.675404784906
2262,50730.77172153115
2263,21591.22557734893
2264,17866.854423189627
2265,18826.928502822942
2266,65877.35288522733
2267,18404.41950645056
2268,16928.32482603326
2269,23560.180090644342
2270,19495.665956707206
2271,17905.549256282564
2272,21959.609638940354
2273,19300.723458384586
2274,19888.81908448766
2275,20309.915866564123
2276,17095.54590489419
2277,25541.172994397377
2278,17652.26249362954
2279,69926.91646639105
2280,17068.246461903716
2281,22155.155613579504
2282,24484.559550526414
2283,26663.119962603032
2284,20735.73804608609
2285,25593.271581694447
2286,19452.760541405547
2287,21274.890959944776
2288,24857.809051566106
2289,16562.067301049374
2290,18388.223671245738
2291,21424.907020737654
2292,16832.83500954419
2293,21317.221859595997
2294,29034.242828627142
2295,20086.777172558875
2296,17023.780472540933
2297,24629.116095593545
2298,28654.744583310476
2299,24722.25985698825
2300,17735.158540340068
2301,18105.68242769146
2302,18801.91793174086
2303,18006.329070064163
2304,33668.98527621173
2305,26028.72078399557
2306,24370.40223399888
2307,32750.04365079499
2308,35219.93772494348
2309,26007.28413220799
2310,23572.455151374226
2311,17720.6926836766
2312,26291.622205407188
2313,22072.287975048
2314,36909.304871336535
2315,23293.437558295587
2316,27292.545097657072
2317,36481.04710474607
2318,16319.500541144716
2319,41888.29520479294
2320,29618.755807108053
2321,28172.487142602626
2322,24450.23717729351
2323,28958.867271759682
2324,17254.262571841286
2325,16391.670576637207
2326,26521.711754243726
2327,19238.65291937986
2328,19705.927694061338
2329,35860.02243053051
2330,42487.10325538067
2331,15934.721351066923
2332,18257.75059387771
2333,44735.71937423607
2334,30630.42953097867
2335,32326.9025202035
2336,69363.67267682462
2337,17837.18828442752
2338,17900.648117166522
2339,39824.122537129
2340,19974.635920633318
2341,28267.508950526182
2342,21466.953935440088
2343,18315.817347541113
2344,16681.073023617842
2345,20662.983755350364
2346,45585.35328256632
2347,16021.85134407211
2348,18609.19484950023
2349,17285.85547194516
2350,26873.67586593487
2351,16260.826645505393
2352,30104.340312071407
2353,76651.40980409543
2354,20489.056189144176
2355,22192.82118751383
2356,21666.54877308804
2357,20346.973428290738
2358,36182.57894331555
2359,16394.674802412057
2360,26095.31889935014
2361,24123.722309103763
2362,19082.57620343062
2363,16124.282232837582
2364,25868.695850139356
2365,37303.88971112492
2366,16852.524497431703
2367,16706.965662245268
2368,28456.220274930474
2369,25451.036252937203
2370,35666.30864277801
2371,16035.711771767208
2372,41059.55130850201
2373,27143.97305280559
2374,17294.966595085993
2375,25607.130099436097
2376,29376.265386267158
2377,32807.87365802731
2378,25334.131112253428
2379,26461.754533912557
2380,16059.950890315871
2381,35194.266395056846
2382,19124.895000560533
2383,16551.73263568806
2384,16921.562377919236
2385,22025.804404582454
2386,25576.64948615655
2387,18783.196544127622
2388,23992.950139648266
2389,32916.58435611939
2390,27999.369331768357
2391,31269.549588844155
2392,16811.043369177944
2393,17263.69138153194
2394,20116.810562304305
2395,18352.669853059575
2396,16673.777379581887
2397,16709.335210899033
2398,32465.49403428023
2399,32196.017870972617
2400,21709.902561906703
2401,29857.447204554297
2402,21102.641468869584
2403,16595.76875785758
2404,28392.845557245302
2405,18906.36437377775
2406,19530.683473129156
2407,31184.521540249145
2408,18574.61968698302
2409,21256.774921252738
2410,38806.38377774643
2411,27582.59232031679
2412,26505.48968460013
2413,46919.16322416218
2414,19637.88272071693
2415,27778.972526129462
2416,17160.666681335166
2417,26751.88646032534
2418,17338.350844275872
2419,21348.54226915657
2420,20926.459684532052
2421,23371.10099693119
2422,19690.425641607286
2423,20083.260469126286
2424,17191.606275783077
2425,17235.73136495383
2426,24099.12344914233
2427,16417.563337507647
2428,16052.93140971841
2429,17264.84582178726
2430,16094.583870040504
2431,28701.596958059217
2432,20052.981493813088
2433,16949.197117854626
2434,28922.098356420902
2435,20335.74682807675
2436,20464.878124791896
2437,23171.013404996876
2438,37750.296700626684
2439,17788.195485970922
2440,20759.70312343183
2441,20241.084113455283
2442,28995.17142521998
2443,55394.52803579755
2444,31858.913782491407
2445,36218.28033682685
2446,28519.207396891525
2447,83008.40358095482
2448,21278.90917090857
2449,16990.825917040253
2450,16248.849172672488
2451,22989.89729808812
2452,16859.133992879495
2453,33750.68681538762
2454,19452.760541405547
2455,26935.26250313237
2456,19674.60006114268
2457,18330.431411405934
2458,19238.051886181674
2459,19978.639415892958
2460,24959.120757757024
2461,21047.82685723497
2462,18567.817851908294
2463,16113.730069848238
2464,26156.98815318476
2465,31169.137887944467
2466,39436.72931125066
2467,21470.79710355754
2468,19576.588167806138
2469,32178.83014706754
2470,29239.560025530012
2471,39390.11360050564
2472,16187.61682691591
2473,17346.885187056763
2474,31063.73828087183
2475,20613.953788505198
2476,28927.433544161082
2477,16808.208854806537
2478,26330.07116273458
2479,17845.389060374942
2480,23835.835515494324
2481,25010.42549830538
2482,27453.920878430603
2483,29576.383983091182
2484,19513.726826131453
2485,27443.029122832424
2486,18996.293425945096
2487,32532.61410765053
2488,41154.69312491685
2489,23572.226306830526
2490,32210.539753883284
2491,60693.968675999226
2492,20745.397909110616
2493,80233.47282115347
2494,16228.251408377964
2495,44967.47124118199
2496,23240.625409098753
2497,22347.909333125175
2498,18142.254626428476
2499,18538.04492458128
2500,27408.868787890446
2501,22796.231173358457
2502,15920.231610430284
2503,36461.256338013765
2504,19383.934591905494
2505,16059.220932010576
2506,21298.00112716955
2507,16101.129746475215
2508,18144.259265966397
2509,56502.0451955765
2510,20160.295146615823
2511,19399.550824103197
2512,31140.764677790718
2513,18137.293891540932
2514,28256.509891521895
2515,17713.678799878264
2516,39100.003456848615
2517,16411.852452452233
2518,24290.994130598378
2519,17954.24441150762
2520,30778.750096141626
2521,27426.88038670828
2522,18759.863835682245
2523,27254.508382364616
2524,41988.46981532648
2525,35952.498053476564
2526,18706.88331035449
2527,37882.26672390303
2528,28168.737601472112
2529,20079.01174814791
2530,39816.13429980787
2531,20130.124795767773
2532,16724.049345609063
2533,16823.992677451617
2534,17161.06910249199
2535,19445.591684882074
2536,25340.202013042326
2537,37036.92581671477
2538,17590.17748356048
2539,60061.228270101405
2540,24454.028435672888
2541,26634.666274200663
2542,16735.45965275375
2543,26087.391301088075
2544,17780.524446756626
2545,16024.64386048824
2546,15968.573520094445
2547,16977.14665445261
2548,34925.879023808586
2549,20560.68639170693
2550,61643.34341913707
2551,20294.77160052291
2552,24828.083283772507
2553,29121.636728054058
2554,16532.92821287737
2555,17849.83241433254
2556,19291.239335718634
2557,16345.571520748277
2558,17119.48290707962
2559,19091.583023575546
2560,17209.073626036097
2561,31038.02494464475
2562,40314.03833809938
2563,22477.938109223676
2564,19014.399283106344
2565,20332.172406033325
2566,16243.684703571278
2567,18609.320696879047
2568,29641.447074644377
2569,19617.530848692735
2570,20781.71772085788
2571,22699.421573406165
2572,16809.514000685354
2573,17282.414193546967
2574,33872.65445159998
2575,21680.312241342937
2576,27637.31640251315
2577,21466.16111856132
2578,25090.795099107087
2579,16264.869166054435
2580,33511.92595147756
2581,18650.325660670445
2582,26833.64308879499
2583,19452.760541405547
2584,26463.87813889915
2585,18764.091596435414
2586,20911.748831652174
2587,28440.43576605879
2588,26284.063887557782
2589,16837.362147323627
2590,16994.05451407857
2591,21633.33505569445
2592,22916.69300641585
2593,25640.89596723504
2594,19405.742250257696
2595,22571.860383514446
2596,27147.186837829668
2597,17763.356848069125
2598,16572.17879950329
2599,18129.93694708524
2600,21995.872496769258
2601,18850.311595069907
2602,20032.770514565455
2603,16217.433506274314
2604,21527.60512981385
2605,18141.071702085654
2606,17848.64737793464
2607,19253.616615350467
2608,23969.837418919495
2609,21398.152151298757
2610,30203.21231044326
2611,24086.39317536848
2612,17137.303063592306
2613,16348.280377732764
2614,17150.795902940317
2615,18698.1253990814
2616,21081.06820977386
2617,23530.507108266287
2618,27511.961974539914
2619,54959.70629723578
2620,22735.12901360218
2621,22509.48753740837
2622,24263.292275175452
2623,16257.670189000068
2624,55912.58320152573
2625,18299.79712874134
2626,17794.12049534284
2627,21192.732135545764
2628,28228.157038594887
2629,29048.99556248336
2630,51006.2067366195
2631,16529.347936976144
2632,22270.516406384213
2633,16121.897831313541
2634,21259.74317903907
2635,22220.00133225909
2636,31740.656290698447
2637,18711.083891962557
2638,39890.35242149462
2639,29652.90625031043
2640,31218.90557930669
2641,32603.92351550752
2642,17300.576833641077
2643,20442.914031066695
2644,48671.90377858297
2645,18250.0378842571
2646,27747.130206204543
2647,16892.004525107666
2648,21975.072076122426
2649,32922.36421067798
2650,31073.26288471468
2651,28796.028296242424
2652,36456.57201403589
2653,26920.3376990152
2654,32583.249700965804
2655,17875.17066461243
2656,31265.91587004757
2657,27378.763767034154
2658,34227.13187382503
2659,15972.283079998313
2660,34856.98740728501
2661,45591.76031241597
2662,32174.597896168343
2663,40299.06209409607
2664,16429.53550180561
2665,49366.6447455722
2666,19429.6425588797
2667,21183.619769109657
2668,35550.39002437867
2669,28635.77525530819
2670,16748.772024252008
2671,18354.13533139358
2672,24209.88508320377
2673,16114.195891227664
2674,36634.78587155586
2675,30820.14317381329
2676,29919.47126606755
2677,20113.386578134625
2678,21395.980667479194
2679,36145.872319502065
2680,33709.45706879888
2681,16806.94838773063
2682,16339.008255884795
2683,26671.864737755513
2684,16832.83500954419
2685,16217.135748249577
2686,16624.180978666896
2687,16285.922851726307
2688,22682.56003669693
2689,24512.22238443942
2690,16964.49406944136
2691,21762.19313680815
2692,27033.40148571655
2693,16402.914907726903
2694,37808.68635223874
2695,21453.56963694879
2696,24448.81341189521
2697,27404.570592164302
2698,35491.364521410665
2699,16033.56069908627
2700,22894.3444569306
2701,20204.538284167942
2702,29573.28567057999
2703,31847.61176140152
2704,18841.414598446147
2705,26738.531580770188
2706,27779.11848110764
2707,31360.40508423382
2708,19579.49375820404
2709,16254.916940145698
2710,22198.60459993844
2711,19198.08606178916
2712,22492.79713018856
2713,19513.726826131453
2714,26902.561400859795
2715,20748.488882139118
2716,18083.399524987457
2717,24371.36046380997
2718,27891.63726834125
2719,19442.101269954637
2720,25590.375866339586
2721,33672.876172856435
2722,30265.269966822972
2723,36154.336466255256
2724,18396.96546774208
2725,27376.04546814577
2726,22002.75679912352
2727,25986.498133817862
2728,16654.892176829173
2729,18202.423312397783
2730,17591.19296040616
2731,16756.31273558339
2732,18453.38221112594
2733,15957.951439603254
2734,23121.35264245756
2735,23572.226306830526
2736,17345.815644059167
2737,24390.80461958846
2738,45585.35328256632
2739,17303.882708644032
2740,21424.652761488163
2741,18404.552785971817
2742,24335.006049012274
2743,35016.697573062236
2744,18746.500754322366
2745,26844.67272872874
2746,16981.974193152553
2747,16133.814392945891
2748,35847.73033228275
2749,35339.655823567366
2750,26517.514153377557
2751,18026.020136460236
2752,26403.854113741647
2753,36443.686040592205
2754,27162.804037172737
2755,16996.443698792606
2756,34696.110709340384
2757,17056.458931566656
2758,16544.576612493835
2759,31200.312308903263
2760,17262.61492744034
2761,26328.919891557685
2762,31763.792530511073
2763,40671.190321908034
2764,17285.15455724238
2765,25240.99859290071
2766,22240.86349092193
2767,18998.96564527283
2768,18905.900683225904
2769,24435.73353838263
2770,18978.259220309206
2771,25528.832363556216
2772,24184.750242872335
2773,32589.320900554336
2774,22961.37071994935
2775,19901.13435153902
2776,39444.460431259846
2777,17759.88922008497
2778,26045.11940600644
2779,39045.83281531536
2780,18634.27666892945
2781,17735.051721366595
2782,37812.045185485316
2783,18954.277668427647
2784,23637.710684092675
2785,55889.342600704316
2786,23360.260512550332
2787,21226.797109561612
2788,37870.58371016289
2789,57125.30021557242
2790,20953.62854065553
2791,18499.26836243857
2792,21632.306360341492
2793,16382.181691323613
2794,17383.822696261122
2795,26806.945646013624
2796,18785.66106104435
2797,30821.30860133049
2798,18193.57947253272
2799,28646.328755271014
2800,23039.078324407994
2801,21114.286603724497
2802,17121.706805384343
2803,26626.35441584415
2804,22887.70170394672
2805,26474.149201617187
2806,22464.82757624841
2807,17481.205781240977
2808,24382.64229540638
2809,24683.991812992295
2810,18481.602701705928
2811,16654.857916688146
2812,26358.36378099233
2813,16555.35803671754
2814,22088.884187712832
2815,20757.938646427385
2816,17271.488838295547
2817,16561.047980916286
2818,19923.454790053125
2819,16175.716526572203
2820,31502.562087115766
2821,18592.79055849481
2822,26921.913381768903
2823,24004.921779324286
2824,19621.78491844829
2825,26459.67333128168
2826,24013.74809397781
2827,33751.07178886088
2828,28390.318028454538
2829,16681.073023617842
2830,44293.33232892433
2831,36495.67187431983
2832,29167.772409730052
2833,25852.341705723884
2834,21466.953935440088
2835,37084.45413913797
2836,18269.74900016924
2837,17208.27586744168
2838,26494.61786909625
2839,31177.82871886388
2840,16682.956168035413
2841,30546.085109002608
2842,26903.90008799541
2843,17625.478163563697
2844,23802.718168002386
2845,37883.79487161693
2846,16838.20548154299
2847,16394.843459854874
2848,16412.8311936679
2849,23642.6976199236
2850,18439.61656067354
2851,17538.410174066976
2852,17519.755666654022
2853,18565.67036967342
2854,35218.773897566265
2855,44169.4290280488
2856,33869.36804965364
2857,27139.06954503326
2858,21581.265364155286
2859,24048.28218478481
2860,19028.810618618223
2861,29014.210313817828
2862,33743.29616026679
2863,16363.33202287488
2864,26649.15891947047
2865,55931.11778817043
2866,32662.268138102198
2867,38851.87737069883
2868,17275.895098308225
2869,23921.957586034805
2870,16544.55362023315
2871,16997.337068597157
2872,25071.916988682333
2873,22960.43699107389
2874,26817.854079566056
2875,19959.213859863765
2876,16679.074559547127
2877,30523.70089225587
2878,22761.147719481145
2879,24770.226597439785
2880,16538.105197041237
2881,27226.794824995814
2882,20376.686225792626
2883,22751.596202246328
2884,25745.38976509705
2885,31204.796346680214
2886,128571.96692173537
2887,28229.360589988824
2888,39813.91437404752
2889,24766.03839214671
2890,17095.98131615466
2891,17814.941100528504
2892,25075.292702394814
2893,19513.726826131453
2894,39598.87219720398
2895,24765.062997790716
2896,30376.36623894811
2897,32832.498543427624
2898,19906.384205925937
2899,18620.580451454287
2900,27065.41939773887
2901,28631.17964286891
2902,19078.921584637832
2903,17866.816394364174
2904,34451.066162678326
2905,28547.883452696995
2906,81241.06839449539
2907,19150.533363389495
2908,24662.731723616092
2909,17240.412031481927
2910,16388.415069794763
2911,17976.591669621695
2912,20158.917360978307
2913,17394.14012066139
2914,16276.474570709403
2915,29865.259410556686
2916,21607.46725034914
2917,20036.14466151866
2918,20902.605020184932
2919,20603.051031007086
2920,17065.555067117424
2921,25271.923001220926
2922,27586.304491229264
2923,17330.88143667002
2924,17050.172016782424
2925,25374.65988232144
2926,31663.727590366503
2927,39810.175722744374
2928,19618.26825595908
2929,17158.903298637124
2930,21314.88282776104
2931,23725.25172618864
2932,21158.37935244703
2933,20627.142945760963
2934,19141.843849094323
2935,18707.473523251196
2936,23359.026036886713
2937,27418.97025652843
2938,24273.6892341467
2939,16627.663840152134
2940,24736.536265441253
2941,29774.751567264968
2942,26965.697756723064
2943,20700.823658059166
2944,23098.676178242327
2945,45569.01975063678
2946,18045.544535555135
2947,28685.040311487784
2948,25074.64669507198
2949,16590.361681681745
2950,28124.48469383657
2951,29641.685321319073
2952,23314.683061075215
2953,37060.89513883296
2954,18417.868245698966
2955,17056.798190106885
2956,16681.073023617842
2957,27086.595064866266
2958,18403.110032449415
2959,16441.140129765543
2960,25427.96613116595
2961,26675.26793039392
2962,22365.200152579222
2963,16708.62399824187
2964,22739.260196647214
2965,23296.93756014341
2966,28954.855172388052
2967,28299.031570119998
2968,19364.8098331538
2969,20186.62914592499
2970,26488.827190288866
2971,20960.220879303724
2972,26512.489937218623
2973,18343.618681375003
2974,17359.451257531055
2975,24037.77825453958
2976,32621.843527574612
2977,29294.582769716115
2978,17447.76760753761
2979,23153.755161286852
2980,21077.552353270392
2981,16130.452526574783
2982,32182.65513029929
2983,28250.595408268236
2984,19591.810572546692
2985,25048.977819931664
2986,18930.693515717
2987,20044.578441971425
2988,32784.13526183943
2989,17759.89950364943
2990,37345.50447534981
2991,19594.096190842116
2992,25200.01617125902
2993,16878.210295002184
2994,29155.92468082387
2995,31043.709819278803
2996,21551.38510817473
2997,19477.675683978396
2998,24799.905417904705
2999,26769.656868696507
3000,24281.78941157427
3001,16661.101084726044
3002,18076.44431040093
3003,25995.988636638318
3004,22650.420843204385
3005,30495.288137154283
3006,17586.378561649744
3007,40972.58992361452
3008,16477.549273107692
3009,32756.79806367743
3010,31319.573909202158
3011,28827.57898392341
3012,16146.310930482425
3013,27703.72739046881
3014,19928.110766333422
3015,18838.9302579205
3016,20308.287035628196
3017,23561.473745589632
3018,16388.247594383683
3019,19961.490092423748
3020,20572.75052279999
3021,21466.953935440088
3022,17060.47629642128
3023,18704.892623135114
3024,17459.60587978078
3025,33881.98753300611
3026,17365.86987128982
3027,15896.196369294794
3028,29950.087591190313
3029,17517.704097976693
3030,20867.692573189328
3031,29306.796161733168
3032,23190.137231828656
3033,20101.500218495352
3034,17576.635626834686
3035,35694.22094641103
3036,23011.372843478184
3037,24080.607558893862
3038,17078.457103849592
3039,23572.226306830526
3040,19514.311763914386
3041,24763.468446924788
3042,17766.340821446356
3043,26116.86866789178
3044,19946.57639900267
3045,32552.343352096945
3046,17130.763398187846
3047,20924.60124576393
3048,24379.097023534472
3049,24546.563703857646
3050,16656.999049529728
3051,17015.502322792225
3052,20964.808766606013
3053,23763.513387325977
3054,21448.1154793762
3055,33175.53417784425
3056,26219.756549489957
3057,23094.76176110669
3058,16503.045979594466
3059,16109.981111275152
3060,37917.569042152856
3061,20140.82023303961
3062,17286.64457414461
3063,19687.18848059969
3064,43458.60449545984
3065,16869.118961710123
3066,35181.48078174769
3067,32308.967861045192
3068,21767.06075497327
3069,20841.68604984035
3070,16202.853030605109
3071,16163.21376804402
3072,26203.449583592075
3073,18396.157031871087
3074,23777.047683617944
3075,21071.80824505572
3076,20064.166561533326
3077,31171.966176236023
3078,36411.97155867625
3079,19465.088654387768
3080,25226.26088175006
3081,16044.769039800176
3082,20629.286173706983
3083,16919.473917449388
3084,17047.191240675005
3085,25221.155728637616
3086,21471.061429667945
3087,16298.364380931273
3088,21399.227418295904
3089,20727.535492871608
3090,29996.902176457083
3091,21012.369092226287
3092,22761.178256581563
3093,22325.937922743917
3094,16151.930133660653
3095,17183.170301838843
3096,17713.98257411298
3097,23884.38221266287
3098,20346.65920164788
3099,40892.94713495008
3100,16327.83222577478
3101,23260.145087579484
3102,23534.701912884306
3103,28537.811297048032
3104,21441.065244305988
3105,20344.44558713763
3106,16681.073023617842
3107,20720.41264506612
3108,17013.692438114005
3109,31988.059169158987
3110,26246.766912698524
3111,16346.219248019692
3112,21429.460919106095
3113,25613.449773201773
3114,16113.796195403613
3115,21064.58427567786
3116,18652.841113076724
3117,16575.742273732743
3118,25296.76675072172
3119,52942.202616766146
3120,16889.176651308742
3121,18854.9096678759
3122,31288.31995625739
3123,45092.48901719842
3124,17152.75246396724
3125,17041.545670372383
3126,16589.90254343308
3127,50701.08026126181
3128,16573.742295356464
3129,17344.664178610423
3130,19630.97808267218
3131,32119.3149020108
3132,43831.82709753197
3133,19942.72441080494
3134,23573.072578663254
3135,44315.51412975991
3136,19612.3942296358
3137,19025.822474941146
3138,18790.956937813025
3139,16351.705111671317
3140,18291.96860664811
3141,24750.22722914349
3142,30820.14317381329
3143,32124.88454290384
3144,39377.750168799284
3145,33886.43687708612
3146,25767.295488532258
3147,18479.385687801598
3148,25920.604654393668
3149,17021.279304417665
3150,37152.774713269195
3151,19140.70245014053
3152,17062.02870410754
3153,75063.4489126091
3154,32513.244423193086
3155,21046.55582098567
3156,34263.30859496793
3157,20097.04949641108
3158,26731.31398798673
3159,16126.670940332953
3160,16637.181252347582
3161,18899.74211624483
3162,17902.445021749554
3163,19099.71723715024
3164,27008.928072772032
3165,26742.43722421075
3166,42525.055482945645
3167,27987.647215017943
3168,24423.23363312127
3169,16433.67066431257
3170,49723.83805515183
3171,20340.78330989625
3172,19957.469656076348
3173,59398.42207836549
3174,23843.965776572637
3175,19170.654326210002
3176,88807.58479497173
3177,19086.477660035696
3178,20411.065279941722
3179,37024.583190491394
3180,25264.8037671393
3181,29782.532432136184
3182,23503.131898713124
3183,16112.110721158131
3184,20761.946747748956
3185,17034.09861927087
3186,18059.991718819652
3187,19881.366007169134
3188,26665.790275517265
3189,19653.451935669484
3190,18316.541986521806
3191,19822.72080154077
3192,22659.271258590827
3193,37693.40839638124
3194,23084.42584854172
3195,34673.14833076717
3196,18570.77376422256
3197,23182.550228028365
3198,19589.232568752977
3199,16298.92191484155
3200,23391.89911554211
3201,18349.791295327443
3202,17837.90314567398
3203,23990.532393364538
3204,35102.62589067464
3205,23993.716397827346
3206,20710.85600706489
3207,19679.453621174285
3208,20854.455812275326
3209,33884.45821645386
3210,19452.144340745635
3211,23305.916167714313
3212,36611.40126294996
3213,24480.74951229714
3214,20522.63382592728
3215,16318.315989684861
3216,24796.659472605545
3217,24413.474965092457
3218,31993.80152661106
3219,27156.44143217398
3220,20225.793671141946
3221,23082.599319219233
3222,21020.240893199847
3223,25103.91867760276
3224,18167.98838920928
3225,43739.37076427836
3226,20597.550028625446
3227,52666.918092257256
3228,24413.808884411315
3229,30808.24603154752
3230,46237.38627493177
3231,16873.41768582962
3232,20334.95095461164
3233,16842.88237155089
3234,21303.5145239718
3235,16944.89630382257
3236,24361.484946366316
3237,18801.917931740893
3238,23334.356879830244
3239,31753.240848003017
3240,38062.94398361061
3241,42742.52086857417
3242,16751.557910712134
3243,17815.17154136479
3244,21606.064388289265
3245,25992.65137060327
3246,23695.594661812225
3247,28579.931259832552
3248,20878.204570733407
3249,27931.265790509296
3250,17389.992310720652
3251,24024.48937450774
3252,19178.755078112143
3253,21343.952103674885
3254,16496.608630924187
3255,25370.697567755782
3256,26613.99210138019
3257,23308.15651154441
3258,18266.89461395917
3259,72432.61211831724
3260,24712.972297871518
3261,17217.113755957256
3262,23872.030386864037
3263,16427.295871409802
3264,39729.69591866586
3265,26964.874656597887
3266,25019.508091271462
3267,16559.77556483016
3268,17821.88064979656
3269,20471.060877986747
3270,16872.77590701633
3271,31079.72769305758
3272,22532.60691899735
3273,32230.91142638776
3274,28494.523414707244
3275,16968.288502171952
3276,18036.312918845284
3277,18731.549465474607
3278,23638.34972192391
3279,27563.140480489525
3280,16842.160721256972
3281,18415.261829456646
3282,37996.23755643426
3283,17827.996628252924
3284,20204.717629434403
3285,33677.11137970302
3286,41236.342146234085
3287,16913.370176252443
3288,16465.709810021734
3289,19609.38957741126
3290,17719.414646221874
3291,28028.880315247545
3292,39446.351852143
3293,30337.201160925662
3294,17516.237731689715
3295,16960.516957084117
3296,33728.34510162159
3297,35376.114437073535
3298,30140.561283524126
3299,23060.290368255162
3300,20539.37109567215
3301,20935.11186386272
3302,17176.39393918403
3303,29337.70550682258
3304,25289.85948621311
3305,26998.156064704814
3306,26041.03414810248
3307,24300.157244531754
3308,28366.279374747894
3309,20724.345732889804
3310,17250.253480521453
3311,25826.60230665876
3312,17108.66428796603
3313,17025.387642008736
3314,17152.826489313582
3315,16576.585039347407
3316,25261.759051747893
3317,18820.828393122578
3318,27203.68960957509
3319,22003.057347169106
3320,21559.19434227274
3321,16402.01945905127
3322,24048.376879789077
3323,22129.42212900012
3324,23710.67466894736
3325,16990.825917040253
3326,17159.477456391567
3327,50891.88959596979
3328,16113.600354547416
3329,17240.433736475195
3330,27789.36504413256
3331,17507.815923218783
3332,16847.34977973457
3333,19372.23524171031
3334,16025.430602883574
3335,16131.874678885437
3336,18692.15069449872
3337,24617.918551271112
3338,56683.22915509093
3339,23755.54106924729
3340,16596.981063517112
3341,15934.721351066923
3342,26106.72279768761
3343,18978.027934459416
3344,26779.064708079077
3345,19147.503172594967
3346,16141.42488286445
3347,29729.510029602385
3348,22385.562164782412
3349,27200.834192789353
3350,22569.363559595844
3351,18048.20796909936
3352,16410.71483252967
3353,16535.563015592856
3354,18908.402879362617
3355,38062.94398361061
3356,16750.31021717913
3357,27317.338311002673
3358,25764.15958252422
3359,25699.688000681086
3360,25551.83691604945
3361,29625.967703531805
3362,24292.065242650882
3363,21995.931227611898
3364,23329.115652730197
3365,23138.864454608723
3366,17273.229402113015
3367,21046.351539961455
3368,19645.79914360436
3369,18498.53728333906
3370,23112.02337742325
3371,16748.884509112122
3372,30278.721578906334
3373,30435.94231345427
3374,37538.47417995689
3375,18690.02294625429
3376,23287.854566575643
3377,16037.04674857358
3378,16285.54429984536
3379,22298.418348214185
3380,21482.3681279585
3381,16150.340066586503
3382,19717.107436651175
3383,16547.326195367637
3384,15873.505178224868
3385,21919.896025262504
3386,20958.754671047194
3387,18903.052955031828
3388,17560.600653087007
3389,38347.03776981382
3390,22312.11857040684
3391,31038.673566488935
3392,24113.535883953115
3393,27031.039557028747
3394,19518.704114468164
3395,31041.35546168192
3396,16308.499864312818
3397,22198.340220621896
3398,16694.036219991092
3399,17417.79797523843
3400,23662.90544241033
3401,29388.485869801705
3402,18801.91793174086
3403,20934.94286262488
3404,22671.037411276466
3405,15960.201814624294
3406,43097.945480473994
3407,28416.660302657925
3408,20079.01174814791
3409,17956.97027238854
3410,26118.887181047474
3411,27748.595355431393
3412,17968.642871601467
3413,21904.961588180653
3414,18851.967380860708
3415,26918.196204605523
3416,24690.08880155395
3417,25473.452129918904
3418,18888.92302789687
3419,18915.18261037518
3420,18130.845394262422
3421,35901.56716499496
3422,25745.923828019735
3423,18319.155500424604
3424,16074.334540424134
3425,45106.99190287443
3426,17717.37754632447
3427,25621.15081799007
3428,22548.271483219887
3429,30989.46334098248
3430,18801.917931740893
3431,23682.528643250473
3432,16199.738481289587
3433,17943.52559762551
3434,23432.571070499827
3435,28975.157307736463
3436,22019.887724321357
3437,29478.813136516288
3438,35415.393810810805
3439,19021.941277121503
3440,17198.589111638594
3441,27327.23818668486
3442,16174.809010201614
3443,18420.43074319778
3444,35138.13655356379
3445,23995.35447306525
3446,26329.977643777063
3447,22457.87913916816
3448,37944.03670872044
3449,17468.896739335658
3450,40179.776152688275
3451,26799.145117534183
3452,27729.39958987993
3453,29654.034452699365
3454,19101.44660849819
3455,45625.35708640443
3456,32015.141436659458
3457,16681.073023617842
3458,35620.78994804018
3459,27548.476192618404
3460,19022.484825658437
3461,18328.33893030116
3462,24780.09646295549
3463,20477.2041199769
3464,22630.639818725933
3465,56144.03514349506
3466,26999.747998295108
3467,16280.902964061102
3468,25603.705362012082
3469,16753.340094194515
3470,17593.911235157662
3471,27806.174235088743
3472,17407.878039099156
3473,27579.16720681
3474,20234.849458684275
3475,41526.12712135489
3476,17163.00064600262
3477,36984.7648641562
3478,19512.143504379623
3479,16735.851429056645
3480,28001.682611756773
3481,16389.98452214145
3482,32014.32938317069
3483,20464.840063651653
3484,17201.453910171982
3485,15964.319808894063
3486,22304.845922743345
3487,40846.4006039425
3488,24007.97467415706
3489,18519.404108258615
3490,16728.215462524557
3491,49698.10655428643
3492,30169.018203252093
3493,26170.452219051
3494,39534.846791162585
3495,16766.494668803618
3496,30852.95685445245
3497,26915.104400789936
3498,22054.464217356614
3499,16234.956061556997
3500,18870.665174609436
3501,17056.798190106885
3502,16933.071696748146
3503,18522.52853845092
3504,17217.700602182962
3505,17408.160990462326
3506,16593.257380111703
3507,20899.534516747946
3508,18353.928764889737
3509,28549.220870085526
3510,17061.001609414816
3511,17968.642871601467
3512,17386.95527077429
3513,28412.927912874933
3514,49081.81145072853
3515,26162.142507087094
3516,19286.64439823439
3517,16112.520771476387
3518,21801.527791213284
3519,17560.459304599575
3520,15921.687327951673
3521,16373.397227630023
3522,33543.20044750788
3523,44419.465549265726
3524,23572.226306830526
3525,24834.50383307195
3526,27031.178252082518
3527,36387.278927903026
3528,25026.99689290191
3529,26127.59540610584
3530,21510.841527721503
3531,16581.4197844202
3532,18563.741816999096
3533,22297.69265569929
3534,19299.492611803893
3535,17583.380907847783
3536,15924.529663610881
3537,29314.08867713844
3538,23424.27061006615
3539,32550.249566617615
3540,17192.874466254598
3541,28865.299943167567
3542,18762.046486960302
3543,21294.17074498298
3544,15889.512607572835
3545,51259.243214770766
3546,39710.3070344456
3547,26786.449116877222
3548,19085.16698541491
3549,25591.57406731908
3550,17171.527462774546
3551,31435.161056643203
3552,15995.881109285134
3553,17460.60711897825
3554,37099.15173304511
3555,35700.29829792593
3556,50653.610419375036
3557,17954.46425640068
3558,19961.398977241053
3559,19554.717079770067
3560,22291.037196957182
3561,18639.630192283123
3562,36582.89650361316
3563,16707.688086600017
3564,27171.626808661826
3565,36035.563522532255
3566,19552.883657395123
3567,28880.886514315804
3568,17595.16010732199
3569,27015.225805762657
3570,15949.0370959074
3571,26004.28052737978
3572,18377.178867530638
3573,16389.349709072158
3574,16157.586937886468
3575,26735.488960734325
3576,19525.932579124754
3577,18346.801386412306
3578,23742.776679480387
3579,17189.887116152284
3580,24765.627260355846
3581,28540.248318918624
3582,17531.40473398344
3583,18649.358876157276
3584,32397.617315327854
3585,29907.127800236944
3586,18282.851677370312
3587,21877.161848194268
3588,17276.021293933787
3589,26386.311701996146
3590,23954.638966711296
3591,27632.850258751292
3592,23472.424108768708
3593,38370.699991305635
3594,34084.38090377968
3595,18801.91793174086
3596,20110.958951700297
3597,17659.124058220183
3598,27376.57808687369
3599,33881.45750498228
3600,16295.47282373804
3601,30362.6592696447
3602,17795.871264762285
3603,16664.970420145175
3604,27485.40253584059
3605,24432.836634063457
3606,18290.153690183703
3607,18801.91793174086
3608,39469.540386321816
3609,21369.32403394464
3610,31921.37945762674
3611,18416.20774081324
3612,20943.304840471603
3613,17982.902926676386
3614,17058.1442315499
3615,26178.683231502528
3616,22735.12901360218
3617,26295.890192443232
3618,16314.3814090385
3619,27508.306901665903
3620,90704.83739397285
3621,33358.97837057117
3622,76827.66210053132
3623,32651.337784716954
3624,17417.79797523843
3625,18014.53228964218
3626,26061.575256755677
3627,21241.17865705001
3628,18016.25589362065
3629,19937.593337499115
3630,21749.603893199135
3631,19707.37045265639
3632,19793.59563825415
3633,24828.05740942866
3634,29233.560533160202
3635,32016.509378014536
3636,29260.965332955908
3637,18551.83849912496
3638,25748.07789744507
3639,24063.619204912313
3640,24220.37249320245
3641,28878.074212768795
3642,26161.68659969973
3643,17259.826103682775
3644,31244.413777698992
3645,18640.86636662172
3646,16266.845462922427
3647,16521.31808648962
3648,20993.429862743084
3649,17723.62308032981
3650,17184.155676189468
3651,26881.16052608227
3652,21513.519744290636
3653,34156.95953251238
3654,34046.19689055247
3655,16384.215877665563
3656,28737.61559100154
3657,18573.37870683497
3658,21059.268212194052
3659,19397.61529434007
3660,20660.89203359628
3661,27348.99419268559
3662,31602.880495272424
3663,16825.97389925784
3664,25676.954493754864
3665,34368.59655714513
3666,37502.721997575456
3667,46340.93828301456
3668,30302.867388982155
3669,28564.576885193084
3670,18801.917931740893
3671,18048.22830906474
3672,16122.899526799418
3673,24341.518554499766
3674,28940.991879824523
3675,16632.9475902583
3676,24092.72254059483
3677,26691.19291019377
3678,18520.502700524634
3679,22265.933335136284
3680,48703.158987985094
3681,17068.362407233253
3682,30907.11862424021
3683,20637.67271393688
3684,31279.136747087352
3685,17727.126160285894
3686,31503.869551918506
3687,23045.502178866172
3688,16026.162923905185
3689,18012.342661283303
3690,33982.85147887602
3691,21445.79600878272
3692,27952.667434893694
3693,28226.025801546748
3694,23766.24233112509
3695,18513.739105409964
3696,16222.949499228635
3697,21985.08605859971
3698,27641.624340635524
3699,17320.14881440322
3700,25809.629055162415
3701,18956.3262612687
3702,58430.89796354484
3703,17718.065777357242
3704,35325.48673831605
3705,30948.87660961163
3706,34192.90237825431
3707,17713.248721458673
3708,17179.35842482852
3709,16898.046107354996
3710,28235.647346362985
3711,24522.183433730617
3712,25506.782379708773
3713,18148.352304183045
3714,36496.77630260822
3715,22678.245262799774
3716,17254.268882756183
3717,25216.436382333493
3718,27341.800744095868
3719,30452.648465873277
3720,32377.615762382655
3721,24617.600730136357
3722,38062.94398361061
3723,20266.473658829564
3724,20104.410997804032
3725,26984.620016178495
3726,25636.78732159577
3727,18688.161744730198
3728,24524.916132633276
3729,21199.062888122895
3730,23757.58270789375
3731,26777.70593627533
3732,28882.669552164887
3733,19629.597626713836
3734,16069.754340250212
3735,25053.295513991292
3736,17428.2418824987
3737,26502.984222729916
3738,23417.470176678275
3739,16217.175329899032
3740,21478.974142397605
3741,23144.11907601428
3742,72471.43783958354
3743,35247.61085996509
3744,85653.19785144017
3745,31033.79141539118
3746,16904.082275961337
3747,17046.622382340618
3748,16244.964795270591
3749,17136.530756274256
3750,23370.934400599865
3751,26068.08982321164
3752,16989.874199174326
3753,23968.16548504034
3754,24028.48830676079
3755,18185.213116647985
3756,22063.79359584287
3757,17304.073234548177
3758,17260.40007006309
3759,23573.918880876896
3760,26241.543442151815
3761,25323.19903032982
3762,16119.831734630758
3763,31361.54455101276
3764,17273.53382699546
3765,18290.942146797246
3766,17340.688001098908
3767,23809.09984818373
3768,47837.77251011676
3769,36969.408689664975
3770,16707.688086600017
3771,17510.188676706322
3772,24487.322510848437
3773,45585.35328256632
3774,26697.281160488197
3775,33206.919524105826
3776,17620.77501633561
3777,27132.352845078338
3778,27651.24695530931
3779,16746.295020741516
3780,18920.1494998299
3781,43682.61763945228
3782,16945.07247209667
3783,16276.879962431978
3784,25524.965312470093
3785,27702.940920682126
3786,16187.32588426952
3787,16022.868303567075
3788,24777.648119335176
3789,17595.205733932322
3790,43881.35758931894
3791,16503.183116393106
3792,20317.54458944343
3793,20593.368294185075
3794,36634.185204497495
3795,17158.08881944759
3796,19847.86223177029
3797,25694.336698606345
3798,37688.05369796588
3799,17747.831700528677
3800,18353.92876488977
3801,21404.82059998487
3802,16022.343146172212
3803,23484.958212436515
3804,36522.35997662374
3805,37141.34771867536
3806,26972.501082525923
3807,37108.94796423421
3808,24627.242652354154
3809,16711.601531522425
3810,29122.533730948548
3811,16390.27608577769
3812,23115.64747003542
3813,19894.647468768933
3814,28826.195039271835
3815,16635.778222770386
3816,16596.981063517112
3817,32274.142445767484
3818,17050.74326486395
3819,20147.399491825498
3820,44911.50302653798
3821,18105.73558601145
3822,16218.24229664274
3823,19557.188438022567
3824,16012.595650748413
3825,28431.86298846097
3826,17011.706036059273
3827,17641.24362858471
3828,27166.752102318645
3829,16562.763964153626
3830,35543.13086481529
3831,19597.23546464817
3832,36075.29611176387
3833,18042.04663535374
3834,33777.48823616804
3835,23657.387862245305
3836,19001.586887794867
3837,28080.29979395427
3838,30273.366632816393
3839,18640.532262034685
3840,18120.21309599908
3841,22164.31600644448
3842,36568.205975263176
3843,24851.180490424853
3844,30994.4247589281
3845,20257.752330011324
3846,16567.163393775107
3847,31170.892412898345
3848,26514.38035627097
3849,18446.83389923937
3850,21039.378148161883
3851,36277.19708856269
3852,17970.677316078825
3853,18983.16692116185
3854,41353.68365759967
3855,16140.15485049345
3856,16163.21376804402
3857,28710.968880315166
3858,18208.952120586782
3859,16367.417996630198
3860,22030.811982054478
3861,19413.219968116602
3862,18225.345369865718
3863,17413.321456365495
3864,37394.12830157305
3865,32015.777810129217
3866,28151.637030157446
3867,25386.752614284946
3868,37808.68635223874
3869,15951.02226814901
3870,17284.398494892663
3871,18370.410836568168
3872,26663.50654528734
3873,34595.52217786428
3874,17314.260855862125
3875,16896.682650327755
3876,20015.679818124314
3877,17188.83496041753
3878,29534.660567424195
3879,34026.552381217625
3880,22238.946769837417
3881,27113.19071816073
3882,30749.301488154277
3883,26704.845384321965
3884,18295.14487308761
3885,23414.917699076595
3886,16164.66271864145
3887,58642.350812458244
3888,17208.363102412608
3889,18025.503154923157
3890,23601.84086554918
3891,39133.7968852238
3892,22696.513189728732
3893,51358.29463294447
3894,37486.44174081263
3895,17243.87053809512
3896,16603.706840086175
3897,28178.09152026521
3898,16058.695293481585
3899,23971.329927808023
3900,19000.21574902391
3901,26207.252073608153
3902,19888.94788914662
3903,27072.849452437094
3904,22966.95249143997
3905,20958.74423218097
3906,32490.349875960183
3907,18096.88706846914
3908,26519.987969709746
3909,28183.330992971958
3910,16825.84250074197
3911,21606.689262533804
3912,19293.49705969956
3913,16434.987153073947
3914,19692.634572516334
3915,17851.46102057999
3916,45126.81767818177
3917,20561.811613461978
3918,17721.442170747425
3919,16826.011413457607
3920,17439.06529124832
3921,16891.434369027706
3922,18145.958083086545
3923,20287.182634439792
3924,28741.26825549424
3925,17333.605057770732
3926,29890.519278808006
3927,16133.080148678451
3928,50510.15835625728
3929,25320.40892362465
3930,25165.4436830727
3931,30267.496576866062
3932,16429.560038137697
3933,18633.84263392588
3934,22249.07849151716
3935,37801.37351922307
3936,16862.24136048024
3937,33091.764886404155
3938,16990.825917040253
3939,29620.74043049411
3940,30858.016248431122
3941,17854.693067594082
3942,20309.175542167646
3943,16594.502943676976
3944,19305.683014125003
3945,25569.923085186834
3946,41408.90853081436
3947,80539.73530347052
3948,16247.10956421199
3949,30466.397020149307
3950,18031.223360635195
3951,26062.12609315874
3952,38614.65637635303
3953,24802.520048977633
3954,29749.35779925825
3955,19678.243839051534
3956,25875.729237287393
3957,18602.733400972764
3958,33974.47467910219
3959,28830.01590413738
3960,28577.04053446359
3961,28006.287288853284
3962,17815.033315134217
3963,16760.866696380166
3964,17359.005836912598
3965,15948.90095869632
3966,27981.05303153421
3967,25820.422153254793
3968,28364.109590222022
3969,16633.09154534127
3970,19578.57860665319
3971,29416.622132828557
3972,16320.235073423817
3973,25646.359783927834
3974,21667.996512893926
3975,16150.107224029613
3976,16987.970923357592
3977,23842.474066564882
3978,24960.949639246464
3979,16564.60114679286
3980,18855.246714943234
3981,90073.86799376018
3982,16180.554675966332
3983,23572.226306830526
3984,17062.60141670818
3985,19630.530658533437
3986,17747.30224608337
3987,30619.979117484458
3988,32152.500521694095
3989,16089.000843057036
3990,24794.68707134022
3991,26629.38258148409
3992,23873.948532047732
3993,20586.304918054055
3994,19171.710464792006
3995,19736.864414156003
3996,22735.12901360218
3997,17133.453630295673
3998,25446.632511307816
3999,17657.65095542159
4000,20378.132955263485
4001,17215.82374825227
4002,43336.37350540635
4003,17357.728620780086
4004,25847.12583577568
4005,33226.0790562682
4006,15871.298461038592
4007,37677.42022421342
4008,22023.73547857309
4009,24390.231377029246
4010,21053.514564081634
4011,20055.976115154557
4012,28985.244782776637
4013,17183.463940789876
4014,23800.801078198903
4015,23920.70941093939
4016,23725.557052886597
4017,28943.125077788274
4018,17325.73874267974
4019,19614.47421309186
4020,18118.96277406771
4021,29443.556634579018
4022,36238.778280689956
4023,20822.045924096645
4024,17248.502102852795
4025,20977.46520197996
4026,26666.22696998331
4027,20899.11297913082
4028,18103.572880971697
4029,22945.22611711911
4030,24212.638342387847
4031,29576.209795370516
4032,25490.334864274744
4033,22973.62178771326
4034,24390.781727213052
4035,25056.504805976507
4036,24869.97346791772
4037,29572.508490103926
4038,16725.084285308418
4039,16753.280803856836
4040,22013.373237924483
4041,16020.51158058409
4042,17342.821033712742
4043,27217.929589666648
4044,16756.287719193442
4045,28505.501519406007
4046,17200.325755991955
4047,19634.827171218032
4048,16643.132549910264
4049,16525.800486200205
4050,18956.247785134445
4051,22191.107112411002
4052,25011.233979744666
4053,27593.024356931437
4054,20123.36297427214
4055,19556.295105506317
4056,21459.7743588351
4057,37689.607297706956
4058,18866.032641646812
4059,32673.227653002432
4060,30419.37101909233
4061,25584.356656918375
4062,33516.527039662076
4063,23490.87542858131
4064,26130.44665780251
4065,16808.993512667235
4066,16170.842312524424
4067,16897.953961320778
4068,16036.947400889158
4069,24256.317171401923
4070,44187.6330320588
4071,16636.033153908767
4072,31494.310963321153
4073,32809.63163204333
4074,22325.81385462439
4075,34369.60321030558
4076,33913.90134161142
4077,26372.439724918382
4078,21024.17724024824
4079,27587.576954641063
4080,17162.402018960172
4081,19513.726826131453
4082,18391.541510008195
4083,18595.510459264406
4084,23767.33877560085
4085,18078.321862564106
4086,16673.56914483196
4087,16659.844753797996
4088,24709.68788620205
4089,28077.752943435728
4090,22990.35414435732
4091,17499.55289888625
4092,16283.273736649408
4093,16112.475884063342
4094,20358.448062072886
4095,29162.930175931393
4096,53804.85403022412
4097,42700.94167253271
4098,35498.52133097059
4099,17882.40996378429
4100,18891.507674381784
4101,30881.39009120904
4102,25436.735666396144
4103,20786.994019331625
4104,20593.112317246967
4105,24861.07865298236
4106,21547.33187485285
4107,23663.133528273407
4108,17429.33889608313
4109,21321.327252896346
4110,24794.642050921226
4111,18145.87719056814
4112,16951.267676347823
4113,20629.273291267637
4114,26322.94945541441
4115,17498.45281950334
4116,15934.721351066923
4117,23742.77945224996
4118,17310.03123657481
4119,26898.99000595012
4120,16196.638923579978
4121,23130.664320419608
4122,31871.26160915446
4123,22712.03121474242
4124,30386.886926287672
4125,18897.69751516139
4126,35954.05155398796
4127,40599.690475984025
4128,18356.012789894954
4129,23865.744280414696
4130,19371.712880658666
4131,16350.431594952523
4132,16349.681155038645
4133,27061.79651169284
4134,24115.043056338796
4135,24647.43095133569
4136,18111.117513675843
4137,18888.490553332515
4138,19001.004308913787
4139,23326.478652934427
4140,23277.021170400676
4141,25853.31003407666
4142,81118.1242179058
4143,29708.828548880043
4144,31539.335746967015
4145,19123.321234386312
4146,23079.907048211873
4147,57189.53017913526
4148,29206.228192922244
4149,35194.35980758265
4150,21929.271861036814
4151,17335.636879590005
4152,25652.93827420057
4153,19657.393921055675
4154,23743.067334420964
4155,15948.446036751619
4156,18827.317218655375
4157,22927.670287454173
4158,27247.827462034642
4159,21162.427055094387
4160,24387.080645885075
4161,15970.206692084303
4162,69240.19306990616
4163,25673.032895248147
4164,27171.278267087277
4165,21959.166557746837
4166,18372.280178565376
4167,22981.592871682828
4168,24060.895772189007
4169,17202.74236050752
4170,16990.819582926684
4171,17435.548680698965
4172,23383.64584615518
4173,31038.604431856344
4174,18690.527662797962
4175,15982.378179376894
4176,17855.65291644496
4177,21000.60255416445
4178,27540.709264455192
4179,28264.396801488692
4180,26023.344701054193
4181,31718.344401184302
4182,29147.892840727498
4183,16006.447211975283
4184,29687.661507418597
4185,37574.28644174818
4186,26665.718305741855
4187,24204.179308797145
4188,21469.694751452174
4189,28655.94793660332
4190,24434.62061801343
4191,22545.31179723214
4192,20363.95507354681
4193,18129.363659860715
4194,17576.477019947546
4195,16507.075726447903
4196,16285.290890944054
4197,22806.510350440803
4198,21124.56932793154
4199,31214.43400135661
4200,22707.763674139853
4201,27106.994344332565
4202,31010.245005038585
4203,40670.40540894035
4204,18130.59147816143
4205,27486.625859385225
4206,25730.339825933384
4207,23982.22775689476
4208,32711.095822222174
4209,27752.822176923437
4210,25401.078319892775
4211,24570.179994078902
4212,16182.20521962182
4213,37731.6814580805
4214,19299.984334973076
4215,25080.80745625963
4216,24413.713918039575
4217,25222.129434828217
4218,16450.224570923045
4219,33971.1689949796
4220,18572.58508272983
4221,19419.397217597827
4222,18587.00785670243
4223,21188.860478743038
4224,18296.88628166329
4225,17799.635758743847
4226,16571.78633464414
4227,16589.486146026928
4228,16590.681285496863
4229,23572.226306830526
4230,20863.661981470403
4231,28159.602711738145
4232,27255.24583886399
4233,33491.20737466127
4234,22029.683823162126
4235,18068.32256071807
4236,28339.20121646567
4237,28087.204438663306
4238,23825.82540424591
4239,17473.794165523752
4240,26484.65401551988
4241,23789.250200399125
4242,27011.98364280951
4243,17456.63670208271
4244,30054.06365376131
4245,17138.074906211143
4246,16163.21376804402
4247,80949.48054890944
4248,24211.69334193616
4249,18897.69751516139
4250,16300.598895404275
4251,20127.42011452776
4252,18286.05367886817
4253,26689.324344539495
4254,20332.949283261052
4255,36463.92226153612
4256,24193.562249719507
4257,22322.3233594893
4258,30970.182228878242
4259,16681.073023617842
4260,25190.00302240131
4261,41289.478460292325
4262,20111.128469452575
4263,25302.14590278622
4264,23333.60871263251
4265,33956.301819372726
4266,31083.097323800634
4267,22369.480994191053
4268,16869.78451993048
4269,26999.726865563338
4270,19160.22753956145
4271,16027.215964148509
4272,57101.32886986106
4273,24508.38618215287
4274,27234.712731300595
4275,25352.314465913678
4276,23781.897322300905
4277,43580.18376800198
4278,17355.456741046764
4279,27242.484204303273
4280,17588.432974961317
4281,22322.599184279832
4282,37157.986472009135
4283,19149.32422447331
4284,23683.976386198072
4285,25037.570573936802
4286,54921.2036218402
4287,16706.016372120845
4288,16562.288767038088
4289,16709.559962307383
4290,17159.174800291403
4291,23715.162842858404
4292,25262.52181767487
4293,19297.585336490574
4294,27766.13186345118
4295,25594.033192146526
4296,27807.94938463704
4297,17200.388663949554
4298,22672.29934410474
4299,27637.999642897525
4300,26426.280790778535
4301,21157.816020730963
4302,20833.18831991006
4303,17236.250448950632
4304,16990.825917040253
4305,18899.74211624483
4306,17664.210710461928
4307,31484.780539145802
4308,35706.50020799283
4309,25190.50912521478
4310,29311.015556310726
4311,32618.97786577911
4312,16288.808335851589
4313,17309.719119181224
4314,28846.810104460168
4315,22189.469540825976
4316,16528.704696717694
4317,28190.93136633158
4318,16289.631344497551
4319,16254.68103869034
4320,20337.882533425713
4321,37324.454784236375
4322,27279.879530251623
4323,23223.880102019048
4324,20510.17770245487
4325,16332.863911720884
4326,20064.36085998292
4327,32332.08723783058
4328,20183.850160569436
4329,20733.83904001873
4330,43750.90277110811
4331,24605.177818219872
4332,30369.21513204901
4333,19555.63264208929
4334,15934.721351066923
4335,20260.579157945835
4336,54210.171517534494
4337,19540.842891995126
4338,16434.752498745213
4339,18571.452734452596
4340,19190.138697202303
4341,29185.84164396732
4342,25999.33046120129
4343,18995.564385453614
4344,19085.27752111564
4345,24776.556925203804
4346,23547.635277971556
4347,19121.42910500761
4348,27264.503190696218
4349,35331.80898796236
4350,30955.76230715432
4351,24298.56291116389
4352,27317.985040116393
4353,27720.130851403486
4354,29232.392692623525
4355,26171.43287175954
4356,16726.285119470926
4357,16471.9755942051
4358,16199.738481289587
4359,23266.8151959277
4360,18822.159705944134
4361,16518.173670064443
4362,27099.32761520061
4363,16748.19905630957
4364,20426.068777908793
4365,17960.73445868912
4366,26329.45157402552
4367,15960.27436624827
4368,20687.11504050731
4369,27062.588057462995
4370,34135.14490763813
4371,24377.390918232202
4372,25249.625401718815
4373,44363.615698245114
4374,19002.628374433392
4375,27732.606210787002
4376,18687.70792087408
4377,21256.22732939594
4378,32022.668511010153
4379,26751.550455612512
4380,17984.884074215577
4381,23244.779623471157
4382,19192.216981641726
4383,38860.08809765097
4384,17350.160966776657
4385,25901.503621037646
4386,24373.66819745396
4387,16563.501648272348
4388,21226.007262297244
4389,18356.74024641973
4390,21786.57794827764
4391,19100.207961873646
4392,21412.916287734955
4393,16573.199755344514
4394,24286.536462305172
4395,16803.587525141218
4396,23990.42616059191
4397,17135.08424502957
4398,26187.5921505266
4399,16887.94805336508
4400,19436.64540365644
4401,28689.650899422955
4402,27156.60759583988
4403,17586.471768403528
4404,17484.30790648589
4405,26893.859378131205
4406,23382.41367508803
4407,16402.35118944263
4408,28428.16704848698
4409,26384.619672920173
4410,17493.173374805872
4411,28693.401659101728
4412,18413.6237815873
4413,20917.926258390544
4414,29001.393518001627
4415,17153.27745267186
4416,37528.46343060716
4417,16149.69431567541
4418,35203.55875895663
4419,40408.53555669583
4420,22047.03285011901
4421,19124.95194316459
4422,73820.58687975928
4423,22247.328656652764
4424,36041.12059752839
4425,32396.988805691926
4426,39415.333198486725
4427,18397.900559357353
4428,17247.260734221953
4429,18347.759253243246
4430,19164.44567135682
4431,38021.21473942549
4432,27067.045967979935
4433,26538.822290480788
4434,23581.386863328058
4435,21559.959242472993
4436,18919.038197578753
4437,16508.707849727292
4438,16898.915503941444
4439,26550.18372206392
4440,26743.57977149124
4441,27373.929348228958
4442,29284.14790198117
4443,19551.262150078
4444,25253.561581076177
4445,24071.687256289464
4446,17528.627614420373
4447,40389.253949723585
4448,28422.215325286605
4449,20117.223148561297
4450,27705.353219366567
4451,31229.577279778798
4452,16681.073023617842
4453,17993.551913909
4454,27403.314707315778
4455,15969.516465231529
4456,16151.597063692778
4457,25598.44182412522
4458,16504.075320256885
4459,18918.592447235435
4460,25368.771209806433
4461,17243.291684965454
4462,26729.027171708432
4463,24875.720868199012
4464,27991.246776056436
4465,17981.235383040945
4466,28268.931574088016
4467,22311.293059692514
4468,17076.67572923153
4469,26102.638257653958
4470,28082.909290998825
4471,23889.790695016964
4472,18165.932829377372
4473,19829.685116958954
4474,28533.79811008723
4475,23775.83727474548
4476,30552.65593207557
4477,27384.429777486923
4478,16164.66271864145
4479,23333.7953104548
4480,18688.746063161558
4481,18162.45046373541
4482,17459.304876361948
4483,17369.3958270046
4484,23762.749002284436
4485,19305.786702394205
4486,26150.627869600157
4487,34534.12019296161
4488,22068.782031003826
4489,26157.411468879793
4490,18755.08926894464
4491,16403.97082752844
4492,17181.459001398984
4493,19116.106990142354
4494,30660.649666355763
4495,16929.101871701354
4496,32065.230367447875
4497,16551.324133748312
4498,19035.900972148153
4499,17815.548706353242
4500,19617.307991971353
4501,51208.670109909486
4502,17643.577416206597
4503,18456.3848005309
4504,35165.29198312308
4505,16858.545292134575
4506,24203.212690795088
4507,18152.37414675001
4508,17533.96981654755
4509,28097.409996205894
4510,24450.395165143767
4511,24385.453764489826
4512,29666.679700196353
4513,18371.411176100675
4514,17715.35605083127
4515,16850.85079570172
4516,24674.856823619604
4517,16394.253869510932
4518,46653.97735404942
4519,30192.792874772906
4520,30687.3927091958
4521,17459.443540395994
4522,16695.068685978065
4523,32457.89254323139
4524,16132.475535778285
4525,23490.278783478898
4526,21699.96590600407
4527,16716.473739727688
4528,17283.515816803956
4529,25573.106858056723
4530,16683.623464944038
4531,32960.71098432729
4532,19328.97708808802
4533,24147.25920323039
4534,21001.28250562923
4535,22321.538909140727
4536,32336.065154265685
4537,120262.25783786774
4538,18112.478464196603
4539,17312.96543965007
4540,18744.968111176342
4541,16989.47693452626
4542,36486.38098320373
4543,16780.914371811854
4544,15878.619665346296
4545,68295.25677334971
4546,16467.19403352594
4547,31575.69465443908
4548,22304.317651828973
4549,25249.550231536592
4550,24605.52586686311
4551,16309.178119245043
4552,27633.28980250674
4553,17721.265857343857
4554,16687.9837269144
4555,19299.844721324484
4556,19885.592857379503
4557,16523.85272828049
4558,33868.5574267054
4559,18290.146141198165
4560,23695.43856923346
4561,26000.5324663195
4562,34477.068521107605
4563,26881.714957427244
4564,27449.034912410556
4565,20225.750085909236
4566,22269.56736914773
4567,23690.905737350575
4568,23907.423221552846
4569,23577.573042483087
4570,16680.463564597547
4571,20007.892799058507
4572,19225.812460586716
4573,16571.23634428914
4574,25348.21105756401
4575,44368.75466886474
4576,19356.709602675397
4577,16730.945288190538
4578,22908.772987653898
4579,16990.825917040253
4580,19881.258472293797
4581,16144.349161540353
4582,26136.100918668777
4583,27397.002143552672
4584,18319.82791021598
4585,28115.756907094168
4586,19267.427370843627
4587,18479.750844170158
4588,26387.353383889564
4589,17491.04520961618
4590,16493.40898658002
4591,16536.474696795787
4592,16879.156365127652
4593,18190.625937884357
4594,16222.309110452523
4595,25806.27033749757
4596,19085.767249510518
4597,24119.556629536874
4598,20527.889789201974
4599,18811.810859726957
4600,19511.047420486444
4601,18501.367008598274
4602,27773.943326295568
4603,18223.84964190841
4604,23202.277381196294
4605,50619.70709505529
4606,45442.253453596444
4607,26457.68240321388
4608,17674.62466298478
4609,19204.528080601744
4610,16832.83500954419
4611,17563.28230862729
4612,16425.301393843958
4613,19090.82979538409
4614,27320.50745220334
4615,28399.126782045787
4616,17627.890753272026
4617,17008.151370630538
4618,18678.618964368165
4619,22875.660399856115
4620,23282.858266737527
4621,21230.495353003313
4622,29517.82643697214
4623,20010.013467321765
4624,23075.8236257879
4625,16469.695076512908
4626,18458.40782368984
4627,18595.783153631324
4628,26609.3486041419
4629,36861.472829752136
4630,23754.094129956604
4631,22812.46378863399
4632,16924.998789001216
4633,34077.32833149639
4634,29202.000097273754
4635,18310.60128178732
4636,17578.190891641112
4637,40445.39591339973
4638,20068.59829034548
4639,20079.01174814791
4640,32565.137178342666
4641,23170.39172302397
4642,81052.1026478861
4643,35336.93649404265
4644,16270.303768535427
4645,26149.179866321083
4646,19513.726826131453
4647,19575.151560474256
4648,36664.72396307569
4649,27433.39687434913
4650,17728.5273054806
4651,27650.2310741224
4652,37691.12506006995
4653,22463.72522913552
4654,24266.907196763485
4655,33412.983969945344
4656,16059.670631641518
4657,36538.74969107283
4658,29030.8904787985
4659,21629.01602755691
4660,19564.1773051348
4661,31348.030360775098
4662,17739.41844513366
4663,19053.720809459635
4664,17050.045703801163
4665,28695.963761156203
4666,21399.26406426172
4667,19855.24021827292
4668,17032.69836624642
4669,37815.15960946763
4670,19452.144340745635
4671,28953.8378675518
4672,29556.542947149483
4673,22948.807258310568
4674,26543.31037220109
4675,26875.59562888766
4676,21725.62588188448
4677,29567.970929702577
4678,23975.75920980591
4679,21732.5196127612
4680,16173.359150178136
4681,18878.891607040052
4682,30855.421596052205
4683,35788.40253055643
4684,16624.01743986894
4685,18546.95873396247
4686,21526.720006902022
4687,27078.469555737724
4688,24772.82008417611
4689,16496.608630924187
4690,17786.975621774152
4691,27816.3530085764
4692,35404.03799055904
4693,17289.262365486342
4694,18903.052955031828
4695,58012.63071891306
4696,22069.211061912833
4697,35601.662918454895
4698,17984.559244064832
4699,20488.726830458494
4700,17214.31207223246
4701,22273.908568773208
4702,28288.435796209244
4703,18045.027279981256
4704,27114.412973301845
4705,16930.83936147853
4706,39532.137247925246
4707,20621.03951900218
4708,31951.619574087556
4709,25732.613149637076
4710,25998.4983967288
4711,16444.20915084392
4712,16019.381497433524
4713,16055.431545268159
4714,22114.851715975343
4715,16515.52504199141
4716,17545.97053547373
4717,44114.829103038646
4718,43503.64352500272
4719,32152.526937605253
4720,18126.761599875364
4721,26487.160097793236
4722,32335.939005354903
4723,18531.105685313054
4724,28230.721021974812
4725,17309.559309499422
4726,36534.58896244139
4727,27450.952133928025
4728,17420.64024863226
4729,42758.53320419147
4730,20160.212414156194
4731,16703.51813327318
4732,18586.64089525205
4733,25972.34285418253
4734,17498.591210251376
4735,16491.694512997095
4736,19439.341043103177
4737,22236.802919863007
4738,19453.99300128261
4739,16809.713988110096
4740,105793.98304216596
4741,21586.28221756276
4742,23476.79796575418
4743,23140.376446434126
4744,26645.162465080906
4745,22672.645160674187
4746,17251.29041505214
4747,23800.839352298608
4748,31052.964917291454
4749,18971.4943189475
4750,18236.441260579213
4751,16465.77253120336
4752,33965.153457519904
4753,16614.16129846249
4754,19384.23603446381
4755,23371.112667430032
4756,16312.54321089813
4757,19250.749273229023
4758,17912.408249722208
4759,16166.774759485783
4760,16344.055345839393
4761,21622.987404737076
4762,17077.632439175577
4763,26445.311846311368
4764,21442.566072335558
4765,23583.398727032523
4766,23503.38865828442
4767,25811.829013545233
4768,18829.294541131614
4769,16974.868696812213
4770,16076.41755602958
4771,17079.560483239708
4772,24180.729226578143
4773,25702.08861457716
4774,16695.674917016797
4775,21867.097907594954
4776,19634.19317199706
4777,23696.32925241656
4778,24066.184122168863
4779,31748.197354399905
4780,28422.20641325472
4781,25401.097822171865
4782,25229.85458940914
4783,17488.589634583972
4784,22158.033325687546
4785,25416.04176057036
4786,24098.47905874967
4787,17345.466995884686
4788,17571.608953273582
4789,18899.6365180323
4790,18019.50901656994
4791,32649.26427164012
4792,17571.144812777708
4793,23242.42882955865
4794,19142.79461091284
4795,16039.254041479471
4796,18831.09621231111
4797,19226.168754573013
4798,16964.49406944136
4799,18131.623319104405
4800,18055.122913053918
4801,16756.16263780388
4802,26882.804775280176
4803,27593.257902048612
4804,31508.885168279827
4805,16294.51989769648
4806,23120.51608680247
4807,20620.393896639915
4808,19513.726826131453
4809,32695.795988394286
4810,16358.611524017293
4811,16767.95589162787
4812,17657.841088623994
4813,33789.57964018773
4814,41636.92910500546
4815,21471.061429667945
4816,23998.81398691578
4817,22080.75399482295
4818,26160.59463747858
4819,17554.69524669544
4820,16670.451207897404
4821,17436.49124661441
4822,26822.234103171097
4823,18905.6999366831
4824,18723.469607219
4825,18102.85426115205
4826,17851.92344434777
4827,27963.806893901212
4828,40157.73725402833
4829,19338.76577956146
4830,17199.064359932985
4831,20659.488068216146
4832,19418.17083092803
4833,20647.5380968618
4834,36775.300641883805
4835,23172.762379539094
4836,20689.497286589827
4837,16302.183372594292
4838,17614.031134653684
4839,27689.22559045309
4840,29598.781536367707
4841,31577.47674745233
4842,27877.453675925342
4843,22147.910444368204
4844,17354.146023412362
4845,18418.84741179055
4846,35308.71032226852
4847,20851.097111620587
4848,17509.505811693194
4849,16212.077945535073
4850,29922.702953710548
4851,23507.404801630855
4852,21032.119885251723
4853,17057.929617801547
4854,36827.5605141872
4855,19667.85309690959
4856,16808.060371603908
4857,16009.171236647164
4858,23448.262196809294
4859,18465.65974898337
4860,17330.299204635652
4861,36562.30318951705
4862,16013.754660235703
4863,21803.538743734265
4864,24862.518017006034
4865,27323.470220314866
4866,27180.701377976737
4867,39859.06197296262
4868,39659.737400320744
4869,16181.660921351677
4870,18638.666261149574
4871,22083.16848716888
4872,25799.548188484936
4873,16711.395904369347
4874,24911.926263738555
4875,39328.73834914452
4876,39944.016828521584
4877,24990.235795415443
4878,40084.841359482736
4879,34021.61931087676
4880,35716.390347632085
4881,33159.14736435452
4882,27914.76929975828
4883,39809.14637103
4884,81756.6426160661
4885,16964.498316642766
4886,22317.546141264946
4887,26367.182120447756
4888,22704.382994036852
4889,19185.21686599153
4890,17578.194170455292
4891,36742.75410894549
4892,20364.822565765226
4893,18840.187526858037
4894,28228.998514977306
4895,18385.990510062016
4896,17009.99890995655
4897,22629.496177975485
4898,36461.12402127173
4899,16623.048047704877
4900,20099.074270463614
4901,20597.65832302033
4902,21540.751011039738
4903,19997.874983460963
4904,23232.02817117314
4905,30678.20139570184
4906,19826.45152249951
4907,16996.385140846913
4908,17637.56430536333
4909,16136.74027838304
4910,16172.803136259574
4911,24179.43991478971
4912,19007.119006683777
4913,18801.91793174086
4914,16953.5450955606
4915,34224.786960046644
4916,24786.41792278451
4917,22795.13985959119
4918,42179.006766805614
4919,39739.0375922643
4920,20828.19155187389
4921,17068.852144387605
4922,18849.6871455835
4923,21382.8749169617
4924,31318.721261300798
4925,21242.469365410652
4926,17090.918500091615
4927,32363.28769878527
4928,16397.5921393657
4929,22182.684963098138
4930,24084.900482941495
4931,23572.226306830526
4932,32862.602900866266
4933,20533.870775048526
4934,17639.86291764495
4935,23833.903250366755
4936,23799.586316068224
4937,16942.986048013456
4938,25637.12652489463
4939,28438.127580712433
4940,24431.474264474695
4941,15944.348001893433
4942,17985.233125045273
4943,39838.6203510349
4944,39321.1756542561
4945,18010.800650716057
4946,31809.201997513854
4947,18793.214615772056
4948,17724.35664362419
4949,30318.207435357035
4950,17829.632583289815
4951,23699.529436201286
4952,16808.270728145446
4953,17483.63539448003
4954,28921.35708234611
4955,18404.43695349358
4956,29283.21751719123
4957,16784.20845034589
4958,22667.120532274133
4959,17305.383141167356
4960,22185.058049540774
4961,29953.123953640203
4962,17662.26182834652
4963,17541.899284951865
4964,17498.96748386811
4965,41506.71097466116
4966,16727.430886198366
4967,19312.132585316078
4968,28202.87858241721
4969,24575.312118999434
4970,16225.177375362176
4971,15926.967792499685
4972,28311.046269871356
4973,34369.33712135025
4974,16801.047012937164
4975,18292.170444561067
4976,16240.731894110977
4977,36154.329723556875
4978,23446.662971155398
4979,16990.825917040253
4980,29621.35271113876
4981,20875.801705448535
4982,24570.14602057985
4983,38412.0065526696
4984,16811.834866269808
4985,23752.664986244945
4986,17282.345390627266
4987,26057.619593306943
4988,16807.428321936364
4989,20852.306893382152
4990,24505.11248326452
4991,27760.686202226894
4992,22113.747499825415
4993,36700.99555038028
4994,18812.87648362638
4995,27778.578272133665
4996,26219.86125119698
4997,46699.77382389111
4998,17820.881962656047
4999,22698.64215558205
5000,19768.047506613482
5001,19844.218021181794
5002,27341.008065528564
5003,28041.746996628965
5004,38295.686112501055
5005,25198.761283230575
5006,18632.444527677897
5007,25873.00286839285
5008,25583.56232622353
5009,25852.830793515906
5010,20328.805979348534
5011,16145.31233189541
5012,20190.192165282813
5013,16708.29021257677
5014,30754.668523118202
5015,17362.515396507522
5016,23174.454211402513
5017,17201.299757262204
5018,26683.241044486836
5019,21092.04326390662
5020,23935.804418456635
5021,22603.004970253856
5022,19310.611782529766
5023,24021.974097312683
5024,28214.469512706404
5025,16290.279915005844
5026,43681.983072787094
5027,17962.88186146824
5028,18551.726402130764
5029,28578.453250927458
5030,17089.570732959546
5031,30050.40043421111
5032,22390.34085439322
5033,21678.26408121667
5034,19680.809562551494
5035,16596.981063517112
5036,17655.462532074853
5037,33862.57255480933
5038,26036.371118533632
5039,21036.860835194937
5040,16552.693821301742
5041,20219.310752768954
5042,20215.62372358818
5043,28269.48406772427
5044,25483.793491599514
5045,18986.474025361254
5046,26482.68585653958
5047,17409.588581806303
5048,18770.953159435816
5049,23386.694509085075
5050,16467.86519374893
5051,17874.915901123408
5052,19530.327170578163
5053,24341.948257041146
5054,18546.629057233677
5055,17390.468810446186
5056,16304.162499773554
5057,16324.701027533763
5058,23052.607838694028
5059,17798.204303224244
5060,16882.319343946318
5061,17293.309113489868
5062,22627.778666125854
5063,68876.46420029865
5064,17459.75619019
5065,39668.088838585274
5066,18391.197463495067
5067,21140.66590256941
5068,28407.015854587935
5069,17742.83890540127
5070,30786.79404709859
5071,25927.558665098957
5072,56964.97305282797
5073,31776.77508439045
5074,29068.220028540665
5075,50933.85195055575
5076,32213.390325377808
5077,23749.08667883944
5078,17009.941517373052
5079,35085.68341579192
5080,28144.39504263473
5081,24627.227815283455
5082,17463.523662873737
5083,28144.761723735206
5084,24904.019562591624
5085,18826.512885465778
5086,23740.54938656135
5087,28920.771513640164
5088,25848.669828401846
5089,20042.10949422048
5090,31256.788259164456
5091,50324.78904446916
5092,23891.567571917167
5093,32745.91697786763
5094,24545.009037041924
5095,16432.336404431942
5096,16181.794831082501
5097,25041.44278346028
5098,17262.384591629707
5099,20234.16453537284
5100,27352.46283512577
5101,19849.52842863723
5102,19413.349127607577
5103,23320.753228619564
5104,18310.60128178732
5105,18729.44042406869
5106,23733.451461556564
5107,32340.36074632889
5108,30536.49732676451
5109,17580.270486423527
5110,32933.42804247003
5111,21404.388660763107
5112,25887.246444304685
5113,19254.003217977537
5114,17113.584133433236
5115,30645.109484240107
5116,17268.791259340454
5117,23214.476991588243
5118,20549.57869573433
5119,19497.479296932088
5120,18050.589779585385
5121,24872.610420034114
5122,41126.521512733314
5123,27348.757586563046
5124,23246.21631700552
5125,37153.30228639567
5126,23743.351335379983
5127,41373.798015267355
5128,23808.64458890531
5129,38240.00760953895
5130,31859.292496392693
5131,22115.65930478459
5132,21153.683316606734
5133,26624.208388682342
5134,27074.039332509154
5135,24682.277094443918
5136,25572.82690053495
5137,19229.64462317486
5138,18357.30676661117
5139,28325.212447566493
5140,17421.877731248165
5141,29118.44971814435
5142,16834.66193836198
5143,23172.332315521886
5144,19099.33884880923
5145,31601.02050028718
5146,17779.139784058265
5147,28450.04432644435
5148,16716.52739525881
5149,24036.7012844815
5150,27790.644929732345
5151,36331.297376875395
5152,24160.34138410213
5153,18830.349616181917
5154,33583.42767666246
5155,41907.45912436171
5156,23116.91702936274
5157,21545.46645351087
5158,28372.905923159364
5159,37681.31048984619
5160,22893.910067496807
5161,25141.469068508366
5162,16515.813947724913
5163,26090.912295615042
5164,27637.1886974887
5165,20304.111691025908
5166,29379.958161970637
5167,15876.472181005565
5168,16083.320066999388
5169,19384.715553454498
5170,30296.576030452212
5171,16313.212018964485
5172,26160.913050009178
5173,17052.158564001264
5174,19466.729445229023
5175,86472.13634483259
5176,36237.77135628636
5177,16267.079267903857
5178,18333.006457201136
5179,25469.856148948
5180,25080.39695215702
5181,17182.36412414322
5182,17989.91376639278
5183,16560.084467672972
5184,20539.9575491637
5185,24816.672740102753
5186,20369.22734147064
5187,17686.342424533468
5188,17381.59751631647
5189,16498.03384333536
5190,17579.656854567515
5191,19574.93320955842
5192,16721.135613008846
5193,16785.76528476398
5194,23436.960785085375
5195,27969.381579654822
5196,17237.822902054693
5197,35075.48876700785
5198,19361.403976962956
5199,16624.461008438284
5200,15895.840315470585
5201,22181.720643481047
5202,16085.591825805077
5203,21075.775442658593
5204,36371.170697218884
5205,16031.257824024264
5206,17790.285811616515
5207,30399.02693328771
5208,23735.81676100249
5209,26546.752223574087
5210,26253.653321840964
5211,16485.813148748177
5212,25152.140603392505
5213,26567.01701058161
5214,25236.559432634214
5215,24764.946403843285
5216,27445.533155896024
5217,16565.607726110607
5218,20015.02825014179
5219,29484.298683075984
5220,26352.530052787784
5221,17171.909638780522
5222,25108.759907343396
5223,29223.95562169937
5224,18684.47590147108
5225,31936.603651986858
5226,16681.073023617842
5227,20382.72886963258
5228,17968.642871601467
5229,20473.51670410609
5230,16430.078698264504
5231,16419.171020460053
5232,17974.454569903755
5233,17253.322727723138
5234,22183.709821216824
5235,25587.003205278666
5236,26177.592797240955
5237,18038.33188979652
5238,23656.78690099899
5239,34574.905767364995
5240,16183.025002755438
5241,21501.46760863655
5242,38062.94398361061
5243,43286.770037998154
5244,30068.2356440119
5245,21830.629897572664
5246,25616.908277864964
5247,16807.24847482505
5248,15944.348001893433
5249,21694.215734727208
5250,17817.404464163094
5251,22353.658718208957
5252,19822.33626623324
5253,48580.64055748435
5254,17034.795860134054
5255,23228.267416932034
5256,25880.08667468069
5257,17657.016420413573
5258,23158.212238904733
5259,33794.94251054295
5260,16135.040424763138
5261,36736.69212651951
5262,28279.678094902778
5263,17821.853363721733
5264,22414.08997781882
5265,18528.71134525021
5266,19307.012808421674
5267,19193.85692916133
5268,23852.448799786354
5269,25400.383023865128
5270,37901.549170799946
5271,17556.928770309423
5272,27441.865307640237
5273,38062.94398361061
5274,27731.196958465654
5275,19293.007539304548
5276,23030.700884816535
5277,27209.253704758263
5278,20089.042179326036
5279,28350.197201482446
5280,46689.14537242499
5281,17867.81206238451
5282,22709.350872638297
5283,17414.248141916676
5284,24066.61900138635
5285,22281.598781457145
5286,17604.328007492295
5287,18253.373302051055
5288,37703.054979438886
5289,16711.395182442277
5290,19750.712709949552
5291,18285.62128046518
5292,19942.483447214927
5293,37966.01847141085
5294,17294.4302420794
5295,82397.84081597737
5296,17659.885686811416
5297,30637.048191210044
5298,23958.364879120127
5299,16921.380846903616
5300,19988.250201280025
5301,72082.81613291666
5302,17458.26777921169
5303,20080.48089011869
5304,26379.62133631709
5305,32828.08914154783
5306,18169.61827799006
5307,17417.79797523843
5308,19005.80412377515
5309,26845.45477679531
5310,31073.900723937633
5311,17659.739415694323
5312,21768.698381939095
5313,18774.646610494823
5314,27344.287275552775
5315,22861.981540515368
5316,26914.973311007052
5317,38007.34525748088
5318,22807.544941489687
5319,17816.939789154545
5320,41965.30840736716
5321,21519.087617628247
5322,17384.16956240689
5323,20651.269795348162
5324,26632.093732096484
5325,18737.38419576563
5326,34478.38460596834
5327,23525.571506156633
5328,18356.00631987159
5329,23812.11675530215
5330,18633.02620082893
5331,23719.495367469906
5332,16543.84813824593
5333,34640.67211761687
5334,94497.65499272573
5335,51205.2546592339
5336,20410.07552341284
5337,18283.55495627548
5338,23919.52317299336
5339,16759.480591098833
5340,16803.43558331474
5341,20495.2361501797
5342,22298.010261764397
5343,28206.76644120508
5344,76975.14882459794
5345,25309.381069659557
5346,17240.555866500803
5347,19062.49520040603
5348,23518.654350879304
5349,23974.01409231188
5350,17367.25881337441
5351,22001.69781135289
5352,23918.10819087178
5353,16720.34700156724
5354,17183.184404173724
5355,16706.961385096296
5356,26654.32802294704
5357,35954.511179369394
5358,32701.506990521277
5359,21471.061429667945
5360,23621.979887137582
5361,24874.67663954631
5362,17005.408810852787
5363,22805.20677054751
5364,23806.099409940463
5365,24238.953558176236
5366,28018.421592409653
5367,16272.171714302793
5368,34036.04168003913
5369,17736.398999853693
5370,23599.21447609523
5371,39834.08476012191
5372,33657.87550594913
5373,17627.141252929672
5374,18668.805913671134
5375,52369.146687813714
5376,18958.63113482298
5377,23611.482631586583
5378,35586.48804041788
5379,18801.91793174086
5380,33421.464265228584
5381,50074.67375325337
5382,16625.376827509335
5383,17874.26439527191
5384,26067.045318254368
5385,28331.88629672007
5386,54929.864775359136
5387,90124.89646689399
5388,38353.24623180001
5389,20547.288293551395
5390,25279.39719437161
5391,16004.316983729688
5392,18899.74211624483
5393,16412.903486335577
5394,17604.088577496248
5395,25798.83890096116
5396,17719.46666598464
5397,26317.952371406085
5398,24659.817874451262
5399,25286.45059684793
5400,17364.584060772137
5401,25845.35543304216
5402,28676.765380020734
5403,19343.343401390266
5404,22069.469736034345
5405,21332.125175773184
5406,24338.17780558335
5407,76999.75271723658
5408,21145.20050805526
5409,33527.09319905019
5410,16105.124713599194
5411,25217.208856924077
5412,17885.57812485934
5413,23749.323639596696
5414,21989.348090906205
5415,21188.07346377811
5416,26733.96350968967
5417,18403.54580331229
5418,17622.49688062263
5419,18873.577844667874
5420,26005.790425752286
5421,30515.930427005726
5422,25060.405870298993
5423,17662.933053610494
5424,18963.859932626245
5425,21851.066431923766
5426,17208.27586744168
5427,16275.898459511298
5428,25758.935157636857
5429,24339.480453127053
5430,34477.82548473785
5431,20182.20622304184
5432,28441.94636376295
5433,28801.878743660294
5434,22619.241834025135
5435,20551.327990962654
5436,20498.720693411233
5437,17526.624833552134
5438,23729.831936580616
5439,16026.238720024632
5440,18647.483787551693
5441,39926.865502510555
5442,26061.575256755677
5443,17637.31136361815
5444,18498.800129065556
5445,30473.70314537096
5446,20305.946720196494
5447,38062.94398361061
5448,16090.639630210064
5449,32291.081682507458
5450,17552.031017505877
5451,25374.25516625472
5452,36141.24406518101
5453,26232.181865329923
5454,22818.1633758938
5455,24787.751015308077
5456,24598.485011375793
5457,17794.760651745743
5458,19705.026359922755
5459,20500.928257641182
5460,23020.92100974778
5461,19303.51887305483
5462,23286.756025736777
5463,32508.119126347057
5464,26461.931615531405
5465,25011.78770198559
5466,36744.94862296512
5467,27534.500555056704
5468,16906.162610380707
5469,19130.170384593563
5470,25839.714970186284
5471,19530.41337808621
5472,25317.146325081678
5473,28090.825191298467
5474,26381.803656613054
5475,25341.43894438132
5476,27734.020233332016
5477,18478.89499091323
5478,28443.43304725686
5479,17879.521490011204
5480,26080.549732453066
5481,33529.059390210045
5482,28061.38412273628
5483,22857.743243876525
5484,17803.258902941114
5485,19295.002477352427
5486,41302.65167796216
5487,16379.894840265302
5488,16752.82730475763
5489,22192.495032946346
5490,19849.30777430479
5491,22924.03571587369
5492,20311.59381872528
5493,16751.39538968856
5494,30753.5065286134
5495,25839.539479118248
5496,59505.72485461618
5497,19741.242261508418
5498,26108.36991202354
5499,16874.450432144862
5500,34079.72735855026
5501,17315.452457252955
5502,16390.22716174027
5503,31026.30676683803
5504,32855.8427174381
5505,39816.13429980787
5506,30812.181933077252
5507,17678.206042024147
5508,21400.69374873952
5509,17175.114126666813
5510,45012.920544921835
5511,18116.598302944825
5512,19951.392417107447
5513,16464.614066694903
5514,35070.383914538936
5515,30260.81457368946
5516,33441.338532146554
5517,22131.030744544238
5518,37191.750767793696
5519,27781.933991625392
5520,36920.190715675795
5521,16099.172039848729
5522,22435.449782048025
5523,28562.367267074686
5524,27896.962162742962
5525,46778.315311844315
5526,29316.695089113975
5527,41908.43276223799
5528,18191.62074689128
5529,22569.252165481674
5530,16295.29367045647
5531,17053.616021982518
5532,38062.94398361061
5533,18310.31224926407
5534,35659.243068985765
5535,17604.48165946272
5536,18750.681400192534
5537,32330.33124638969
5538,25740.280090120606
5539,26701.91252546916
5540,31409.93085257471
5541,19247.29571316872
5542,17236.046456040724
5543,26082.73566041107
5544,25800.219293583294
5545,16065.689771681606
5546,23423.342077162622
5547,20000.783474533084
5548,17368.074298121443
5549,19544.058680826416
5550,38947.734778231614
5551,17305.1807206878
5552,29899.837337891204
5553,30377.186765631082
5554,22956.248502173537
5555,23410.39050570004
5556,18872.16370754413
5557,35222.37445150277
5558,19117.498753081265
5559,15983.290966046972
5560,29393.273118656198
5561,28830.585583029628
5562,25637.15161413171
5563,27170.391996494818
5564,32161.26232758623
5565,21192.07156265511
5566,16020.456202222194
5567,32049.87690629902
5568,40234.08444314135
5569,24109.329220197513
5570,26395.300495380015
5571,29467.8644823387
5572,17718.065777357242
5573,20787.774583054103
5574,23690.529608425375
5575,18354.13533139358
5576,20655.338771618124
5577,34900.341506437355
5578,17787.85729026062
5579,24816.583033590803
5580,17322.853412872108
5581,20355.790585452734
5582,31564.785338386293
5583,43288.37732593028
5584,29045.510324702485
5585,26108.57266498674
5586,34069.25063751145
5587,21297.49364368578
5588,25302.0618182672
5589,26470.87048399445
5590,23500.185635426245
5591,41690.93083652441
5592,16348.293516997472
5593,30985.324782138054
5594,35646.321697344094
5595,29716.123773399453
5596,39363.45164255776
5597,28555.89868794879
5598,17739.702684349588
5599,19603.468194945908
5600,31408.85423311157
5601,19412.39340757868
5602,24796.925871360883
5603,19309.792018042826
5604,23901.116971158397
5605,31590.40501476372
5606,35097.35708287319
5607,19389.558210737534
5608,17008.315811380366
5609,16389.87007475874
5610,17969.08333172451
5611,20076.700724955936
5612,19665.153172257775
5613,18827.603489312183
5614,17181.868289197548
5615,18801.91793174086
5616,15868.17673557667
5617,24384.538170246324
5618,24059.543731037855
5619,17561.846423815394
5620,26291.042762297548
5621,18995.39824059615
5622,31097.526450514328
5623,43346.07096229132
5624,24412.736871133988
5625,20867.692573189328
5626,18593.07441411146
5627,16587.599912320547
5628,31417.981611599123
5629,33945.43743838691
5630,23572.226306830526
5631,24769.981698853568
5632,28873.209076824685
5633,25618.636077498864
5634,21954.839174394154
5635,21582.702240163806
5636,17848.475292618285
5637,18597.52236751378
5638,24830.870265682996
5639,23144.94177559486
5640,24514.745120592597
5641,25520.072756063604
5642,18899.74211624483
5643,23234.349011738854
5644,20080.457778376338
5645,28040.082290540893
5646,18178.878450500295
5647,17657.089375240957
5648,42074.582676110775
5649,16573.853525519367
5650,44898.52375184264
5651,25073.266023505425
5652,18768.1758679012
5653,16755.812414880187
5654,16410.95937840149
5655,28169.33801921056
5656,17246.677241787886
5657,19432.044744640327
5658,16802.533773185947
5659,26491.166882089045
5660,25474.26415818614
5661,34827.05786973874
5662,21148.821503230873
5663,23572.226306830526
5664,16172.426084342966
5665,16534.599231890224
5666,23235.674251475753
5667,21970.417788566632
5668,30709.903679983836
5669,22205.5548508631
5670,27117.48303541038
5671,45106.99190287443
5672,20209.412406902724
5673,29064.543703244177
5674,21272.164013701637
5675,21172.346756757917
5676,17618.770801364677
5677,23529.442514439856
5678,28670.98699978661
5679,21735.804347395122
5680,27271.597790108044
5681,19788.8953527887
5682,41726.114240267416
5683,16107.491059718383
5684,27304.046333513656
5685,23875.453349153857
5686,17425.81976527917
5687,21109.24748643591
5688,18302.874033863427
5689,27759.835732062973
5690,17603.56261263357
5691,20321.031900521768
5692,18770.03409681432
5693,69083.59507728163
5694,21199.12248606722
5695,18276.680397041437
5696,22961.060542810792
5697,26293.412703423506
5698,17224.656460213784
5699,35427.38182441602
5700,18115.466976834017
5701,20050.863273021958
5702,29251.571822868864
5703,17918.173455268286
5704,19253.213972371435
5705,25586.418196967352
5706,36455.108030947216
5707,16256.219765522199
5708,23188.060790899566
5709,26203.184150829045
5710,24110.97720840984
5711,19145.674026782533
5712,17460.113098523874
5713,21466.953935440088
5714,31370.737361574236
5715,25405.487585139374
5716,35323.81287817099
5717,16101.18773891309
5718,25590.74744414322
5719,18456.116264001557
5720,17510.79495694456
5721,27347.674272236593
5722,18589.579553953106
5723,23668.33828708983
5724,17089.304413116555
5725,23159.49365696706
5726,26441.68790652655
5727,17189.903632479025
5728,31412.91533430632
5729,33318.14164744241
5730,25810.001746634916
5731,35626.60344314256
5732,28153.71900661346
5733,41886.73378130712
5734,19377.894553251215
5735,27399.15556787903
5736,31989.084573612105
5737,25798.475146637604
5738,35258.01705082293
5739,40569.09219929348
5740,18422.841597616283
5741,25882.032651562073
5742,44038.52178552392
5743,30393.05415901063
5744,16894.031008255508
5745,25127.528021365015
5746,23320.69621923999
5747,17769.591741934313
5748,23312.5999635263
5749,16292.45876669356
5750,24285.733504715165
5751,20674.76429781322
5752,17159.717816486977
5753,24299.812590274058
5754,19513.726826131453
5755,23767.128060908995
5756,31421.53107910309
5757,31619.615347900264
5758,23829.490544161483
5759,23763.76324621513
5760,17362.106600437328
5761,23898.771282653783
5762,22577.800531909827
5763,21614.450349645085
5764,19698.28285663085
5765,18610.777667911603
5766,32983.747735684774
5767,27901.911616910977
5768,24533.785869608244
5769,18570.13560090337
5770,30086.096271686423
5771,24212.032266917744
5772,26537.652897572538
5773,16828.51133892992
5774,17331.71159944468
5775,17155.112161480727
5776,23632.45183823852
5777,22981.54527831319
5778,17821.3571487395
5779,42582.71815595886
5780,22709.986865187864
5781,17822.8054326999
5782,23810.292058830015
5783,17895.85445009446
5784,19250.470080743464
5785,17790.826386896817
5786,20727.25610006674
5787,23322.609098984034
5788,26195.708393179546
5789,16588.766847456045
5790,26595.794566719782
5791,17463.015120982196
5792,16887.028808567862
5793,20204.10103281746
5794,17957.94253736397
5795,18130.690196197917
5796,55106.013311380586
5797,25526.91591206583
5798,19330.587073741503
5799,29879.757497300943
5800,27004.35806677489
5801,20165.738026014278
5802,23035.10627857791
5803,34554.17990803807
5804,24704.654063226488
5805,44097.61555360758
5806,16085.748442156057
5807,36612.08894949882
5808,20079.01174814791
5809,33299.80126564382
5810,24577.99845392773
5811,17474.36008040463
5812,23990.06646963389
5813,16830.978789973364
5814,20081.59053481872
5815,18776.85572054422
5816,24039.85142292354
5817,23848.144269114495
5818,20086.537044647896
5819,15965.456383883282
5820,28057.52072575492
5821,36071.840885856014
5822,16768.696208064397
5823,43980.25004096551
5824,20959.959957627092
5825,32540.122617683075
5826,16964.53812975856
5827,16811.330904662813
5828,17434.71152152453
5829,18108.51315370957
5830,24047.41068115929
5831,19060.490166717453
5832,16128.849106350099
5833,17078.99756581615
5834,17598.623364552077
5835,27187.143561000605
5836,28011.697523678096
5837,19140.755387158875
5838,26853.089584586436
5839,44007.551354082825
5840,27024.996005208493
5841,16308.224930860388
5842,23699.190697190756
5843,25789.754218451108
5844,20153.377649769915
5845,39409.9092520872
5846,30799.091183818513
5847,22914.44556007434
5848,32116.530561689793
5849,64153.8176561777
5850,25567.791679131646
5851,37824.38920759991
5852,17466.713047932437
5853,54326.34867439878
5854,28175.12380866238
5855,29020.277711201474
5856,19350.99994123806
5857,20690.100208516422
5858,26112.624616167494
5859,17810.874124469356
5860,16887.691132754597
5861,18035.82977760439
5862,26437.015589158636
5863,16804.420737474586
5864,16903.68168818149
5865,35978.59179795931
5866,23333.479174621643
5867,31875.72142663274
5868,24719.99665560698
5869,17651.536697583655
5870,17806.99404678013
5871,21667.1235655679
5872,16033.237490113876
5873,18216.817617547687
5874,17244.862898458756
5875,37549.44934305607
5876,16940.49871959776
5877,23722.853169269674
5878,23726.980071996837
5879,20435.59831451668
5880,19079.783672302787
5881,17532.484868954354
5882,25959.85836298376
5883,23248.153427473877
5884,18113.13011083253
5885,19151.464104892573
5886,34055.01384683626
5887,16479.59448569674
5888,21536.952158383876
5889,17033.522827538087
5890,18899.74211624483
5891,23685.52583358054
5892,30196.122080090216
5893,18806.1191795845
5894,19497.852803131984
5895,17559.327152684436
5896,18062.752947833407
5897,16709.415722582507
5898,30313.853660005603
5899,16584.566267054393
5900,28340.937377878927
5901,17482.856483502233
5902,18472.113915407474
5903,47959.40345293256
5904,31618.3846775952
5905,33228.4295982248
5906,23572.226306830526
5907,17215.171843090047
5908,17078.727332695096
5909,20041.98340752263
5910,27508.248295174013
5911,32459.61307065783
5912,19473.35231275184
5913,27643.764322600615
5914,16905.174846130783
5915,17619.81605245606
5916,30303.785961061763
5917,33600.01161195969
5918,17211.757337328672
5919,26495.410039566836
5920,23420.714309543368
5921,18596.516386182673
5922,37177.797294328775
5923,34276.30194015095
5924,31487.294537076566
5925,27712.54767411744
5926,18801.91793174086
5927,19900.047541697273
5928,25340.26627724223
5929,33888.512127994436
5930,24146.00651684007
5931,19526.79631056516
5932,24673.877395360916
5933,16744.060825250388
5934,21712.891776358694
5935,31160.17045478863
5936,19130.67315842617
5937,21941.560662977783
5938,24909.670350029653
5939,24166.155984517984
5940,41117.29375856472
5941,36283.55501137711
5942,19512.757803386423
5943,17232.976923097212
5944,27187.518727047453
5945,23800.596854649706
5946,23835.439087548588
5947,17243.668085841357
5948,24520.05451630733
5949,23881.174773048573
5950,26993.31793772269
5951,31885.767263783553
5952,19711.207460438556
5953,33065.71810677465
5954,29364.51321672233
5955,16130.443822220484
5956,18842.92064517612
5957,25592.974119122202
5958,20171.509870669102
5959,27054.84174820964
5960,21952.187712045918
5961,18707.954101543535
5962,19340.107329917962
5963,23594.971125958393
5964,15968.869367161833
5965,28241.729296851805
5966,16490.69280752132
5967,30326.72598711019
5968,28910.888003883323
5969,52534.91416419952
5970,28107.040786680744
5971,17792.91817752217
5972,18035.80158724667
5973,24998.118555033307
5974,16622.51387485298
5975,17775.551350852482
5976,25592.86172683273
5977,21922.353621262435
5978,27481.10990655747
5979,25365.772801789844
5980,31289.238502122305
5981,18026.3422881844
5982,40785.97821649456
5983,36630.47475192606
5984,23078.311771304907
5985,23764.335333698895
5986,16450.252530013433
5987,22659.748332006908
5988,69247.90464559033
5989,27257.285587715025
5990,25460.977170675636
5991,35026.76388369497
5992,17620.132071129843
5993,17888.126904153636
5994,16428.49831914159
5995,27296.648390730745
5996,17940.34401309201
5997,23931.16878449594
5998,19013.984389562826
5999,17607.907052350616
6000,29192.0382692493
6001,28462.619300366394
6002,27482.932683418854
6003,22398.584355060524
6004,23573.211393358233
6005,34036.428193824846
6006,18402.06360949808
6007,17968.642871601467
6008,36670.778942147655
6009,17187.57699883985
6010,25007.349103610264
6011,17517.447275437713
6012,19978.639415892958
6013,18156.77000188875
6014,20990.474890461028
6015,16542.484634558954
6016,24529.062371279597
6017,17562.520282897043
6018,36138.82902558476
6019,16409.388903481762
6020,31127.467822459952
6021,35043.41911553206
6022,18405.94225164949
6023,16707.688086600017
6024,17287.83668013917
6025,35558.32869311957
6026,16173.183733760063
6027,23809.272440472952
6028,19760.918556567092
6029,19024.694225253163
6030,16143.752354317381
6031,18647.79139751636
6032,23887.27836578322
6033,17370.23075867956
6034,24249.772787459846
6035,18359.32268707824
6036,19044.3316448161
6037,20782.650904651735
6038,16413.6045508487
6039,16829.446431347966
6040,46640.44274603152
6041,23659.362188604595
6042,16290.404863161171
6043,22430.544613878887
6044,16412.963403524445
6045,21908.28908384059
6046,51687.88499743684
6047,26782.87554019112
6048,23828.444156691523
6049,23571.049670188473
6050,27012.221065506306
6051,28068.15375797611
6052,16391.01629686001
6053,23410.876977467226
6054,24734.931294182254
6055,25522.79829949593
6056,23766.652640648335
6057,26525.2677532038
6058,28649.993862095183
6059,28743.945723228353
6060,17246.92613019899
6061,35909.06983977282
6062,18899.74211624483
6063,28171.35351963423
6064,22198.6045999384
6065,26192.809756046012
6066,20411.289850647136
6067,24123.88084686481
6068,20372.285140324584
6069,23838.912655440927
6070,26486.72644537341
6071,16090.332897779099
6072,16174.95130622622
6073,43791.10290313132
6074,22688.65816731052
6075,16152.26586985229
6076,20150.293211664328
6077,17107.636989190825
6078,23610.33863188406
6079,16993.223967449845
6080,27985.50347162671
6081,17962.78536611031
6082,24218.29601703007
6083,24253.172271114312
6084,25643.850896226722
6085,25784.058180060063
6086,15983.321102154674
6087,16411.852452452233
6088,27157.662129088505
6089,29620.523787186004
6090,22616.128291514
6091,25630.256213349345
6092,34568.746794443075
6093,19581.53840488527
6094,19926.563707300436
6095,19951.576158674347
6096,16831.296580865892
6097,16988.922534614434
6098,16648.680030209038
6099,23890.81957724866
6100,37643.14734218217
6101,18885.84676488326
6102,21812.568530889897
6103,17926.13519417579
6104,19790.590389886824
6105,27770.952026734503
6106,24714.79839463982
6107,16792.234496286597
6108,22951.128400598012
6109,29595.20334952599
6110,22604.909870891042
6111,24395.309442608326
6112,29249.70359704687
6113,27321.80044032699
6114,22562.255496130063
6115,17718.38988912047
6116,28525.25545438215
6117,26492.501804871103
6118,17728.138579635375
6119,17243.668085841357
6120,24460.675955433202
6121,20325.460638749355
6122,19209.849169176676
6123,26772.254024489815
6124,23913.667925025813
6125,18661.444052532683
6126,19106.408584093
6127,18590.60796739084
6128,18112.051071222024
6129,21979.617061727895
6130,23268.99457018059
6131,24663.91584184684
6132,18595.534008774393
6133,24439.622511872483
6134,21576.636322462262
6135,18108.51315370957
6136,21089.52025198753
6137,21522.26271779341
6138,24332.488126269276
6139,39816.13429980787
6140,23795.5753083654
6141,26928.737795870413
6142,16389.159342152245
6143,20764.51723654701
6144,16193.317223960954
6145,31512.547559280974
6146,23229.332603413837
6147,16625.64561749493
6148,25150.244804645852
6149,29848.904299379406
6150,21861.635477200594
6151,17451.1484486442
6152,16134.943055997801
6153,22682.391001470187
6154,25693.694426375292
6155,19978.639415892958
6156,30720.35389571003
6157,25750.251326333815
6158,24745.453184956797
6159,19681.20134024847
6160,27613.663971048285
6161,25020.227077260482
6162,19805.79651224496
6163,42059.432428744454
6164,19055.86018111173
6165,23851.35071692926
6166,20015.362459112428
6167,22899.679360221773
6168,18210.76383437235
6169,20188.14605318978
6170,26321.148049415184
6171,17939.891551966313
6172,23722.507747522875
6173,27733.838745022393
6174,22221.747130489162
6175,39727.03785178603
6176,17078.457103849592
6177,26808.0129578451
6178,25096.75730214496
6179,37949.32674087131
6180,23788.665897504787
6181,22563.620954796268
6182,20550.7297296235
6183,20176.09077046692
6184,17987.94187304824
6185,17850.443098540447
6186,15872.502517112149
6187,19549.410695847244
6188,28495.454789655898
6189,16745.911649458518
6190,17426.443719150437
6191,26835.31992728171
6192,25904.595038660776
6193,32022.01241339193
6194,32161.476002172025
6195,27189.371958637563
6196,31634.25657368125
6197,39831.12741349132
6198,34417.148572275495
6199,16614.2017683549
6200,42638.87820208416
6201,26064.74476603716
6202,39836.9585387982
6203,64677.7411323619
6204,21223.02323804801
6205,22604.02534613687
6206,42074.157395044866
6207,20762.90778470892
6208,16536.411955059077
6209,17187.738251181123
6210,16141.847382172919
6211,29704.33155727436
6212,24544.12715909385
6213,38012.64138981507
6214,17240.63993527422
6215,24519.691899863195
6216,32623.439084956295
6217,23548.963275646598
6218,16615.413471917014
6219,17835.517215457603
6220,19618.84880770898
6221,20253.118540225492
6222,25420.340046320198
6223,17489.774723482722
6224,18959.247278989595
6225,54550.45393780904
6226,19769.325386138906
6227,22442.660393655035
6228,16511.682612491935
6229,20883.678220801376
6230,24369.13269081241
6231,27451.962252702055
6232,18578.113475039998
6233,20635.035015062527
6234,16649.191986919708
6235,18707.01281420562
6236,16806.908702767338
6237,21306.68289127758
6238,16903.420116444453
6239,16733.321450413932
6240,22904.98472013302
6241,16991.02766571848
6242,27540.875627896443
6243,39809.14637103
6244,19080.904086032606
6245,28570.185640175918
6246,24431.346783290217
6247,31150.653584983607
6248,24361.912078234203
6249,23462.445701870893
6250,28933.81813829857
6251,18996.321462382766
6252,25414.67260316501
6253,16271.872590297444
6254,17855.554519117362
6255,16560.314727112334
6256,16730.454259815953
6257,23151.905016113495
6258,18801.91793174086
6259,27338.88662887987
6260,19594.13309034902
6261,25403.212546128474
6262,31310.015431449916
6263,26591.657443782664
6264,33015.02042991882
6265,34060.10499693666
6266,25287.905853874632
6267,19044.001034357832
6268,21769.207537374576
6269,21537.493764506442
6270,26855.467167322746
6271,29118.150836664125
6272,24464.953859318
6273,37326.372666567295
6274,24611.809479791977
6275,19958.972624985297
6276,16229.9509330101
6277,16721.69181197184
6278,28018.055669479458
6279,43807.64225565907
6280,28378.691602251798
6281,16020.2485193248
6282,20929.599583289342
6283,17733.840508477966
6284,17920.25076680892
6285,23726.99170949337
6286,24684.735831128077
6287,17103.85657272677
6288,27649.604134820267
6289,25921.47246766178
6290,35680.89870817972
6291,17567.178205430413
6292,23262.811715709904
6293,24448.12716116889
6294,26437.064026594817
6295,78994.14264179108
6296,20183.43887929516
6297,18223.005444655788
6298,19705.560998981604
6299,27460.612963347376
6300,28425.361375856508
6301,18038.491546034307
6302,27618.370121985503
6303,24911.886250933516
6304,29600.04495815077
6305,17258.781417854927
6306,26819.081750019785
6307,21132.89879235572
6308,25881.72756568088
6309,17808.518626267745
6310,26296.76500019818
6311,23321.935750921013
6312,18067.460680042925
6313,24532.692140009935
6314,16432.336404431942
6315,27951.85320421693
6316,22600.631578481927
6317,18094.66584239663
6318,16457.32472205
6319,20571.995670103977
6320,17264.887683936016
6321,16611.872716829035
6322,27616.76247034199
6323,17854.7270504961
6324,19423.6816191764
6325,41492.49230225519
6326,19686.3458846625
6327,16175.438598685812
6328,23770.902017595763
6329,17532.158912592957
6330,34599.66076651165
6331,26076.21743401606
6332,22325.013156823483
6333,30683.773819567712
6334,34224.20884754494
6335,26546.94718917126
6336,30308.816546451075
6337,23674.005090860534
6338,21776.62555184234
6339,35269.979037538884
6340,24679.45411235408
6341,17164.229111939003
6342,16244.029264417244
6343,16832.83500954419
6344,40100.19157626133
6345,24357.28014708674
6346,25136.89991688864
6347,27018.105348674893
6348,18413.601750708305
6349,29512.810296146796
6350,24010.89238503314
6351,24211.69334193616
6352,22893.14969659803
6353,34199.43505059869
6354,15934.721351066923
6355,19870.339369489648
6356,19001.472172643582
6357,17243.668085841357
6358,17511.107079661255
6359,27594.990297405162
6360,27639.80691450106
6361,22305.908437709524
6362,16985.15780149919
6363,17647.482209848888
6364,29653.127075054294
6365,32755.267531619895
6366,20209.69638460113
6367,20867.692573189328
6368,26025.252016142847
6369,20943.08004023447
6370,17154.850190315272
6371,49447.74740235382
6372,25261.997695225415
6373,16236.805332157706
6374,17855.672826774888
6375,37595.51570748091
6376,35042.89809135903
6377,16390.49833062637
6378,43750.90277110811
6379,21292.476273308675
6380,31598.759404110984
6381,18083.173096820243
6382,24064.087106609113
6383,26761.852486781514
6384,16286.722041676063
6385,21389.782185441312
6386,31794.28320546408
6387,17760.964507714118
6388,27514.777026736843
6389,21292.95142801093
6390,54126.38668432557
6391,32055.12620764007
6392,28234.518776759844
6393,16999.174887682235
6394,17149.423556188303
6395,19554.368266940524
6396,24409.836573696506
6397,26330.571149772542
6398,16069.168692662388
6399,17825.248522085134
6400,80349.73313284303
6401,40310.1956639441
6402,16228.461238420252
6403,17507.083887659872
6404,18560.503480389525
6405,19934.588228147582
6406,27806.738017207463
6407,54659.89589593986
6408,22331.1428669439
6409,30561.717835725252
6410,17661.35690651927
6411,25129.951936232916
6412,24588.861852969298
6413,17352.645447596187
6414,18138.878304702972
6415,30973.27745468338
6416,30488.856140472384
6417,16475.958857297563
6418,21014.49420394818
6419,17864.036781022787
6420,37399.118290252336
6421,29770.17565326746
6422,18837.11278522496
6423,34376.46341542657
6424,20672.001338034424
6425,19677.915262411963
6426,18033.879693211707
6427,16842.503440367436
6428,26789.706737330423
6429,19038.56844342485
6430,16924.529280450024
6431,21295.734196267473
6432,36349.842062128206
6433,16124.784985317634
6434,18387.603229060263
6435,16959.667333278965
6436,29187.649324601523
6437,30507.161336550296
6438,22519.371976345417
6439,18225.045187154752
6440,16910.267300419197
6441,17264.255171608456
6442,20613.93196188888
6443,17053.848772490208
6444,16990.825917040253
6445,16765.369543465957
6446,25795.663553472823
6447,30753.96371546206
6448,24124.70615117367
6449,16470.71250145159
6450,27582.59232031679
6451,16424.696607100836
6452,26311.04782443308
6453,25760.738714480474
6454,23427.287625323806
6455,16360.92403664874
6456,22669.461067178578
6457,28219.96479530322
6458,17782.654913250484
6459,19542.822169490726
6460,19788.44285510715
6461,18843.596103460182
6462,27214.45514974613
6463,24370.37952117774
6464,25982.348681867523
6465,19174.217369281298
6466,25101.78952323416
6467,21284.161190726772
6468,30783.56917989279
6469,17245.24608713025
6470,27091.85044330974
6471,16150.235403330364
6472,17722.964953655275
6473,23468.15152464065
6474,18829.839202185358
6475,17846.53751320517
6476,18749.22257327811
6477,16460.78835024232
6478,16112.161518766927
6479,27909.620597281657
6480,16027.120929476943
6481,17239.507788399707
6482,36402.620405516456
6483,28132.395042107284
6484,26018.41442001776
6485,30291.55568622291
6486,38295.77347606927
6487,16453.479348904126
6488,16390.278867294055
6489,24068.390470217048
6490,27271.665775365593
6491,30800.717040941105
6492,20725.79241024511
6493,15908.512470516816
6494,20374.336476069093
6495,28563.424843970643
6496,18336.821280470635
6497,18239.783823907484
6498,17894.227491299767
6499,22222.394853350677
6500,17506.82089391623
6501,17695.83148541788
6502,17251.71896114921
6503,22262.05094522074
6504,23336.730096741776
6505,17732.647455058996
6506,16494.185190980123
6507,20545.512351422014
6508,28388.132647437506
6509,27791.720423333805
6510,27572.934603203717
6511,25326.81937827225
6512,28105.064371099623
6513,20397.82661613172
6514,23437.671545087564
6515,17076.212990735905
6516,17923.88414971441
6517,31479.451484704365
6518,19754.291188757634
6519,21244.45481805439
6520,19444.564902286795
6521,21216.233193053202
6522,27452.946965922478
6523,23111.905202800128
6524,16464.614066694903
6525,21536.672407738148
6526,29518.289548360463
6527,21985.53624831558
6528,17599.77620794302
6529,16756.33775201068
6530,35208.62871877843
6531,16810.2233954163
6532,17196.282536540544
6533,30051.45371949477
6534,18904.720533794814
6535,16681.073023617842
6536,27456.355688230975
6537,56726.97850676914
6538,39968.69581448443
6539,16199.738481289587
6540,19247.52570637902
6541,35199.389750820774
6542,17267.59887608517
6543,104047.5099772516
6544,23517.559237537473
6545,17542.085550121883
6546,30746.512868077716
6547,24830.039149443077
6548,16136.59684788429
6549,21252.062166324187
6550,15936.116884587716
6551,16571.854829907727
6552,27328.15093872532
6553,32289.565461108414
6554,19251.66211328557
6555,28144.21066153813
6556,16584.724256143425
6557,16619.299752051727
6558,37918.184772092405
6559,24749.977565618086
6560,16473.334762409675
6561,41412.345178171585
6562,17335.698871770586
6563,18725.164701501224
6564,18285.538496481287
6565,26711.279673625977
6566,20867.692573189328
6567,23503.49483770828
6568,16108.089321744541
6569,37592.76034055294
6570,18600.14789113542
6571,18295.399524195534
6572,27682.67615742928
6573,22222.612791452695
6574,27581.136023765775
6575,24479.82505642003
6576,31281.00373291836
6577,51198.56938581655
6578,16983.493314268115
6579,20921.93773391325
6580,21248.978276068545
6581,33641.25039563863
6582,33830.05411787642
6583,24375.894427904386
6584,19430.84713670415
6585,23198.83305014456
6586,23431.837097482923
6587,73794.69333109063
6588,19392.913630111227
6589,17208.363102412608
6590,16570.589414438815
6591,33416.897727093434
6592,26876.795423672076
6593,18454.40504341803
6594,26458.652626126626
6595,46693.535882659344
6596,26533.897477494986
6597,22282.497287166934
6598,17159.309116312255
6599,30828.158163168802
6600,16834.200109710433
6601,36379.0625852768
6602,16431.02798438516
6603,16700.722105796573
6604,18749.15026980186
6605,21290.597558323458
6606,26659.728282114993
6607,22373.657253622434
6608,17552.6597972326
6609,28189.45446235323
6610,34389.5772236979
6611,23712.916261298717
6612,17861.35970936639
6613,20950.08557873765
6614,24440.854612458486
6615,19849.52842863723
6616,42729.00035435669
6617,23825.390739554325
6618,16075.960533579524
6619,17837.70720991855
6620,22598.939512557812
6621,23916.265556982573
6622,24012.33570128941
6623,23997.695611685955
6624,29198.431974560073
6625,35592.40115301175
6626,27943.02760431679
6627,27461.101672310797
6628,16384.78842863961
6629,17278.85981844864
6630,16520.464565714497
6631,16211.46430433384
6632,35975.82719491954
6633,24846.933672643943
6634,16642.978498655786
6635,25468.333622653918
6636,28996.762303840263
6637,27974.6429858001
6638,22934.72869787256
6639,31007.823141973822
6640,21677.620264522586
6641,16783.18299056039
6642,16217.430877562805
6643,18688.408061123337
6644,26483.309257921126
6645,26891.59417441383
6646,26562.860983315903
6647,19678.311616181087
6648,21966.197835404917
6649,16173.012405777019
6650,28199.69372850293
6651,25422.785834665334
6652,26460.68056159724
6653,29128.31137557569
6654,17186.33128636108
6655,20178.417180350018
6656,19613.276917000265
6657,37389.65839710049
6658,26996.62965096992
6659,23323.27211864179
6660,32541.187427711968
6661,31163.396060566964
6662,21690.54580361415
6663,23930.86217439629
6664,19863.464505829357
6665,28961.67255040857
6666,16333.131030000215
6667,17969.212573895154
6668,67347.43706487319
6669,24378.381942949505
6670,27608.96790934241
6671,16199.738481289587
6672,17017.469914381112
6673,17579.959396982355
6674,16233.399517604654
6675,36767.22516488233
6676,25857.867191178422
6677,17643.373591912088
6678,27544.0921103311
6679,27221.966236374366
6680,25383.32864046123
6681,17312.271434093793
6682,18169.584608504894
6683,29767.044789599735
6684,16426.36708927346
6685,39430.778357416966
6686,31102.326667373636
6687,18203.79127643021
6688,25420.441844672205
6689,17584.424628154193
6690,25617.810275480304
6691,18805.51287512963
6692,45118.13678292309
6693,19161.72415480188
6694,25099.69612656285
6695,18386.177167565464
6696,19861.46314821382
6697,25808.091483176948
6698,19147.13064609614
6699,19332.44191885965
6700,16211.036171509475
6701,23269.90364525797
6702,20307.78057745489
6703,23229.912409254004
6704,16320.810029798544
6705,33226.29443801456
6706,16522.466646045203
6707,29357.628532905197
6708,16386.55404889474
6709,25799.44253847417
6710,22102.884980770887
6711,22357.429409281347
6712,16481.37027357358
6713,28679.558698540954
6714,16391.2188718016
6715,28048.738900924756
6716,17078.457103849592
6717,23759.01184426546
6718,33967.45990519649
6719,23946.763908286874
6720,17458.90815740264
6721,99140.8968207
6722,15953.382690689414
6723,17451.07322491934
6724,24449.22819806811
6725,21930.15467352399
6726,34991.22660018566
6727,17661.434404332642
6728,22027.893159505755
6729,17572.794341530378
6730,24572.698816564374
6731,32885.20653412453
6732,17089.638504375525
6733,46149.141841741235
6734,17267.38295186548
6735,17199.475108368824
6736,16425.559962631945
6737,26061.575256755677
6738,27248.96521009558
6739,23012.40657197196
6740,16170.796324468674
6741,37191.60808881334
6742,30494.387190504105
6743,16542.916986209242
6744,16707.688086600017
6745,30189.797654029117
6746,25348.14188884903
6747,44127.66719575476
6748,19350.568940429042
6749,27052.296339779805
6750,17730.4462978754
6751,18209.16317662541
6752,27429.800311385985
6753,27797.146053631364
6754,16049.791404729118
6755,17619.88212775006
6756,23328.04910881832
6757,16440.601581739415
6758,27317.028899160654
6759,19985.693639840974
6760,24764.756921899465
6761,19513.704821976127
6762,23977.95799237426
6763,19141.68054029697
6764,17674.307529257836
6765,19016.946812370064
6766,20669.355313275748
6767,30642.638030238242
6768,19641.91814347948
6769,31457.921404191507
6770,19465.396782600914
6771,19543.19437070183
6772,17354.98681601873
6773,19013.835565802783
6774,39420.06281183265
6775,26447.132582785012
6776,18048.096487923132
6777,23055.586908215217
6778,28360.17430916872
6779,16238.909387997815
6780,32793.21158683613
6781,36415.04882257549
6782,25806.199588871237
6783,19513.726826131453
6784,31799.480554324822
6785,33162.98920818075
6786,23532.42198056065
6787,26229.193012695505
6788,17466.696020846866
6789,19897.074702763843
6790,17257.93486124828
6791,15934.721351066923
6792,23834.95672707213
6793,17209.073626036097
6794,16736.6284900984
6795,16207.767260793096
6796,21771.883890051256
6797,32074.203291710506
6798,16565.58010715128
6799,56927.93066385963
6800,19298.749948354198
6801,21580.44978902495
6802,26918.55291023632
6803,27191.368257073773
6804,18568.482302310236
6805,32231.734879088996
6806,22304.5831689189
6807,19529.985935033692
6808,27233.77649853197
6809,17967.752756428323
6810,33154.86091210153
6811,18318.613681953604
6812,23833.82871425877
6813,27965.02559071069
6814,20825.465733696394
6815,19626.812300336995
6816,19701.760497633073
6817,29098.383553845226
6818,28744.838323249354
6819,23964.316427632006
6820,18241.469029198728
6821,33415.30041277818
6822,28316.54037930271
6823,16028.795289976788
6824,27305.80326001717
6825,17936.241964506833
6826,34979.86061760939
6827,20361.75125645493
6828,17545.279323417268
6829,24254.812851282524
6830,26271.693197967135
6831,16899.658402725403
6832,33683.384415920846
6833,24637.115828134218
6834,23933.310286663345
6835,19258.902500808173
6836,23338.08819204364
6837,17756.152322554066
6838,20014.56135539314
6839,19549.410695847244
6840,26102.766088463293
6841,17302.227008198905
6842,18426.481616341633
6843,21572.188381438686
6844,28442.696547318315
6845,39416.349415850535
6846,27709.841651783718
6847,16093.183531812108
6848,28028.014938591532
6849,20607.4354878428
6850,16319.017486988516
6851,19118.829950646246
6852,20809.48175600883
6853,26702.93994132428
6854,25561.194004026114
6855,24350.77383914939
6856,21995.814565665245
6857,17990.421799292846
6858,23210.90625722894
6859,28372.822254210034
6860,19141.421800251916
6861,30918.589763095333
6862,19440.39946385555
6863,49585.469414284016
6864,16444.392463339962
6865,30167.523044327037
6866,28140.675580535877
6867,29366.300051695882
6868,17885.99186868171
6869,26675.923432106585
6870,26689.36646103755
6871,90966.28087735205
6872,23649.87941989311
6873,50890.91605305657
6874,23047.808303984566
6875,30692.76946407274
6876,26248.796776032275
6877,17584.424628154193
6878,18743.408294428118
6879,26789.36157840727
6880,17602.442815305654
6881,19596.788371299357
6882,17984.145638612332
6883,22052.325733620037
6884,16591.12392182515
6885,27988.753803645996
6886,20441.9107480504
6887,28270.48009926689
6888,37007.87096726398
6889,23496.633749254463
6890,16930.026888861943
6891,24772.74239848974
6892,19839.77570941626
6893,20518.72194953303
6894,25707.318357358843
6895,16167.566291098108
6896,27983.30777330646
6897,17112.83003011883
6898,26520.66645017118
6899,20558.592401417973
6900,39074.63013641785
6901,17128.129613712754
6902,27623.195545584378
6903,26964.983334007542
6904,16678.017238616005
6905,19997.69498435653
6906,20810.336902016017
6907,18815.212314400167
6908,16034.64300971707
6909,17950.273049380306
6910,43114.98193720356
6911,24605.04606948489
6912,22085.846054277557
6913,23610.97833780904
6914,18896.911048077895
6915,43366.21928709061
6916,23316.853188014775
6917,17920.818528624535
6918,33940.9665902759
6919,37131.36657181128
6920,24886.724819021394
6921,20383.333402666973
6922,17565.418111267412
6923,30659.93531511057
6924,39958.2919132233
6925,20334.45274021046
6926,17023.682391810184
6927,69754.28081011128
6928,19018.247562310844
6929,18545.56246605091
6930,17538.77650006152
6931,18679.87962118982
6932,32928.032539464744
6933,26717.107601326414
6934,28444.241050991375
6935,30406.369382488752
6936,20064.169930116823
6937,17142.936387441077
6938,19055.422196902295
6939,16630.83275128581
6940,22795.124143211884
6941,29313.89880439433
6942,18898.084085709153
6943,19887.565695914258
6944,22261.520827785836
6945,30812.442216886342
6946,27831.415463138826
6947,125570.52712689829
6948,24873.927036806057
6949,26958.014878660022
6950,28651.14698478415
6951,16623.232874022764
6952,23129.192766487566
6953,18148.429934420226
6954,18613.685497892988
6955,22675.63040519318
6956,20926.98853867244
6957,22002.178619038794
6958,25666.409277997318
6959,18282.82843957203
6960,19855.955763298185
6961,19177.9541625161
6962,37808.47137527183
6963,18726.501692810092
6964,16349.048976209553
6965,21372.55290125056
6966,28061.805610246964
6967,25074.51825460963
6968,18836.159344922293
6969,17665.24214605725
6970,19998.46625882623
6971,31365.79674117127
6972,29270.320351380906
6973,16253.769199409597
6974,18454.652063015772
6975,18058.24142267826
6976,27289.797499602035
6977,17823.17236342472
6978,28478.1480961116
6979,29132.671068610824
6980,18829.236388049165
6981,21885.361995757597
6982,17278.310354352703
6983,21380.17689256883
6984,16240.064110206209
6985,20867.692573189328
6986,26946.551731201365
6987,22305.79652230099
6988,16089.693139674162
6989,52068.714282199384
6990,17575.057923279706
6991,23538.828593757607
6992,53045.00742517935
6993,31067.118108448114
6994,22735.12901360218
6995,30989.910710835888
6996,31547.565129115785
6997,16605.466426341125
6998,19438.821475939476
6999,35809.373509491874
7000,19004.97155456275
7001,27054.858546216983
7002,26147.98806817757
7003,21379.472922846726
7004,35835.96150011251
7005,21491.515411822977
7006,25683.56462012186
7007,19343.284093679646
7008,18449.44322302027
7009,17890.821417813313
7010,20288.991113211614
7011,16693.98200809432
7012,21219.6171700425
7013,30921.477284990506
7014,19458.245600174083
7015,18191.281625325973
7016,29592.337531636542
7017,28602.228953215323
7018,37295.783260898934
7019,52876.511899124
7020,20579.41508321818
7021,16707.688086600017
7022,16748.884509112122
7023,20859.65441755439
7024,22638.809622854496
7025,28418.44453781736
7026,28079.65008555319
7027,36050.91680906797
7028,33086.22762549976
7029,40597.55389876028
7030,23572.226306830526
7031,16576.54872069431
7032,18854.03299068706
7033,21228.619988884726
7034,24838.10451091612
7035,20459.792187411313
7036,18344.23072536172
7037,17159.446306241338
7038,28716.821260110053
7039,26065.793092398453
7040,22813.131537475645
7041,31309.032104291426
7042,24453.739467605606
7043,19473.076251480077
7044,31699.96637102741
7045,19096.657798909255
7046,20381.594105305114
7047,126037.16024461285
7048,51097.290983264116
7049,25874.669196931503
7050,18774.58210650405
7051,32428.343258221234
7052,38715.114305387826
7053,17497.520436321684
7054,20641.616186363066
7055,32027.430994217753
7056,16977.106398673415
7057,20364.484953010957
7058,23327.7574024601
7059,31523.110636559475
7060,32738.762505629602
7061,28170.26597863116
7062,21228.752955137472
7063,16840.791259724076
7064,24802.754650143903
7065,16164.928691536988
7066,20775.31798644675
7067,21931.862388001824
7068,25624.856670738634
7069,18897.476979233525
7070,24986.964985348248
7071,16260.670518621759
7072,27703.8207404424
7073,23488.68745074075
7074,22849.221105047745
7075,29046.498076441243
7076,18433.965041906733
7077,18217.04401833976
7078,26122.073047453825
7079,18370.945566476585
7080,23307.925707593273
7081,43348.000526272
7082,15976.274968317637
7083,16464.614066694903
7084,18360.867871066588
7085,16413.986488556624
7086,20255.338699082677
7087,16583.397373609758
7088,19637.882720716967
7089,19277.0588722791
7090,16668.167304567713
7091,17037.82930231494
7092,30219.566088428364
7093,19991.29798865952
7094,18319.916862581795
7095,20994.981795579984
7096,30362.112693675273
7097,16420.395622758966
7098,18551.278671484728
7099,21086.14945779671
7100,24101.08199281986
7101,16247.29247858948
7102,29587.197610712734
7103,23223.453164664166
7104,21211.28410801571
7105,20063.205643506644
7106,26781.65612542376
7107,28796.94351737801
7108,86829.84234627768
7109,18946.507066788952
7110,17923.851577581427
7111,23036.828266993693
7112,22588.163538802855
7113,17792.41654609602
7114,26535.298368062613
7115,25661.74521450761
7116,27816.634681690957
7117,23592.78497275457
7118,17244.103484178646
7119,25309.705206076145
7120,18277.586542662746
7121,19904.836604178312
7122,17655.92780938295
7123,19970.05686540954
7124,23721.80022087685
7125,23068.749975560575
7126,23564.279872699757
7127,31487.216792903735
7128,16567.054814158986
7129,37123.81187752856
7130,17249.676064500924
7131,18622.782170613813
7132,28359.17760650428
7133,23344.53208160299
7134,31747.605904232907
7135,33189.812361212185
7136,33143.96294305276
7137,22370.397354632114
7138,37892.841910674426
7139,37441.767687780586
7140,25828.184678681675
7141,23824.373541231635
7142,30071.90535407837
7143,24303.38630883788
7144,28357.904638133386
7145,19893.407779353594
7146,15887.560926954488
7147,19107.901396289795
7148,18739.690099390114
7149,17268.112187478757
7150,16223.311868784693
7151,16889.296601823582
7152,23888.193705150752
7153,18801.917931740893
7154,20059.151183702637
7155,35020.571510577494
7156,27680.888780877674
7157,30971.689086415787
7158,58499.63054550621
7159,20963.846291276102
7160,16357.756240796105
7161,18887.477826908147
7162,24433.269386973214
7163,24586.836891500985
7164,31507.843854891533
7165,24234.458311168102
7166,23306.951630756223
7167,35663.55875061163
7168,16544.670828978116
7169,32717.553471394844
7170,16812.188170988364
7171,29076.428392691705
7172,17487.00203438083
7173,18811.35274077014
7174,18356.51162260372
7175,24361.499772446616
7176,22313.52765789614
7177,29695.907056532098
7178,24447.80449142143
7179,21163.956114968954
7180,21335.243315368894
7181,16587.933099453534
7182,26224.127695126885
7183,27306.073418977103
7184,26756.353614624124
7185,23777.554589657604
7186,19020.66566958763
7187,67865.61094084226
7188,21466.953935440088
7189,32131.083908482822
7190,20719.045857154353
7191,16176.407390491271
7192,27153.711378078915
7193,23866.949099008154
7194,29718.44845158901
7195,17084.348286175667
7196,22561.709920777183
7197,31054.716154077898
7198,21141.30951133126
7199,24219.00853256268
7200,36815.966766586134
7201,23096.82716854805
7202,17307.83840525413
7203,31307.824686826905
7204,16185.736668724761
7205,15950.67820164982
7206,18777.978162331117
7207,23272.299097658306
7208,18704.555813902956
7209,18856.26939117789
7210,42241.58190062659
7211,16035.132277865188
7212,22388.465543623035
7213,21485.522010801466
7214,16704.914702226768
7215,16381.321081784303
7216,26633.36378637931
7217,18597.52236751378
7218,23530.603915152755
7219,23951.63670047238
7220,16410.95937840149
7221,16851.492287787085
7222,24470.461451374376
7223,26229.988187988078
7224,18836.60045224015
7225,17234.86486115711
7226,22173.884688269845
7227,31869.415732976344
7228,16569.3626826092
7229,27800.624569496173
7230,23258.711307185455
7231,18876.24255272273
7232,24801.90051528276
7233,22435.27977278176
7234,19198.188378576593
7235,21927.4021602156
7236,17240.028047815675
7237,18603.481934753294
7238,45735.780892748255
7239,16642.37143580026
7240,37940.2623219837
7241,19273.291491785836
7242,37799.84832871641
7243,16990.825917040253
7244,31770.958303059742
7245,24646.441375604812
7246,18580.404273386383
7247,16988.13166218971
7248,26930.48633306173
7249,25269.684631765802
7250,20079.01174814791
7251,16407.488041035158
7252,23374.551651723443
7253,18701.359675161417
7254,26146.434713818293
7255,30097.801710861284
7256,19101.105766266373
7257,26413.10659653309
7258,27226.794824995814
7259,39270.57065730227
7260,22320.530474671017
7261,34030.953396922414
7262,16453.695906413624
7263,20030.073327548624
7264,16389.425187557805
7265,16164.66271864142
7266,42627.42101092157
7267,22319.316103185385
7268,16723.774177764408
7269,18198.52270493368
7270,29425.09477239933
7271,46610.00534093671
7272,25084.26637203947
7273,29880.917550608618
7274,26061.06743515626
7275,28881.19290724439
7276,24058.133621702156
7277,16254.607171118327
7278,28669.940673813493
7279,23873.12863739958
7280,23443.972212854755
7281,24801.082720914994
7282,19235.315985314308
7283,17501.065477092754
7284,38062.94398361061
7285,30891.149628639014
7286,23572.226306830526
7287,20706.51933028373
7288,23301.77665909937
7289,48789.24068297031
7290,16993.09603971763
7291,19128.59299527011
7292,17202.7262362272
7293,17391.174289463608
7294,32190.15494415845
7295,16566.973170860805
7296,23763.383522143322
7297,20028.887609649133
7298,17038.242903536626
7299,16475.76861997534
7300,27865.728822771056
7301,16320.488878591419
7302,28072.665893261557
7303,26937.287154802718
7304,37029.814809238196
7305,24611.243712747484
7306,16565.49352535008
7307,16411.237094007844
7308,27185.39916662679
7309,16688.112061848675
7310,17784.83202690541
7311,18898.719788054594
7312,28889.334272775057
7313,23801.88043782928
7314,38975.33608493599
7315,17142.22327620915
7316,18920.00673180523
7317,27679.62932285356
7318,27414.72811300115
7319,16461.540802523803
7320,24508.176273667803
7321,18132.09372635388
7322,18836.46222210781
7323,37813.401292476796
7324,40759.62066732431
7325,20700.042456082672
7326,43311.89924475268
7327,19944.29530705116
7328,27064.361973868035
7329,21475.74553332224
7330,17661.678894130106
7331,34179.52305021631
7332,18782.378003005113
7333,22783.421063294398
7334,17472.99312477337
7335,18848.345103344585
7336,20606.57967198776
7337,19371.74735322074
7338,19132.539816648758
7339,25612.920669405165
7340,28796.27512548241
7341,50612.714781895564
7342,26203.244643469985
7343,40443.62670238857
7344,19216.93784380597
7345,23754.842247989855
7346,51737.96082398416
7347,26325.750678388977
7348,23599.108573644935
7349,21521.98477657726
7350,27569.524594685823
7351,16237.486637419834
7352,16720.80974974851
7353,16825.057562259462
7354,17061.4544292577
7355,16353.011716747984
7356,27412.399103579133
7357,29839.57065509116
7358,28085.373571071043
7359,17870.547021385362
7360,22051.06801198941
7361,21838.85064142775
7362,16515.651487088657
7363,27181.977670003384
7364,20227.23884267034
7365,19187.892959875844
7366,18284.365910827302
7367,16326.522546674036
7368,17158.360308215288
7369,20506.290396145632
7370,17761.896134894592
7371,21021.108038375878
7372,23136.168373423596
7373,20398.029758005327
7374,26077.359643096865
7375,17873.94043162887
7376,16808.060371603908
7377,18240.45149449193
7378,21843.83668222021
7379,26928.927685690385
7380,31224.938227763017
7381,16471.706585315325
7382,16707.688086600017
7383,16636.171897283504
7384,24734.779736892284
7385,16275.419263435871
7386,25301.177315446548
7387,27346.54400861361
7388,44185.61402169446
7389,26694.81851036651
7390,17710.234528364403
7391,17501.55041693947
7392,32238.6599362652
7393,17289.36291375749
7394,35204.550816579846
7395,16545.621180956023
7396,19546.70133685111
7397,19192.231332375326
7398,18903.052955031828
7399,16240.616151797214
7400,28111.0662946367
7401,21823.131787802686
7402,32031.67413884563
7403,16511.146984757135
7404,27182.908482977447
7405,22331.4485600956
7406,17601.061456628147
7407,25793.996372743437
7408,27024.3183363424
7409,19049.726357942436
7410,24478.006945952155
7411,16791.136561845633
7412,28610.9621896285
7413,19964.813300367387
7414,33454.45834630762
7415,17564.393533869625
7416,25417.66840629366
7417,16393.603495003506
7418,16919.865186389092
7419,34617.46476176148
7420,35785.63685260036
7421,17701.448981632577
7422,19936.862577744563
7423,16589.90254343308
7424,18081.47574743913
7425,28825.636803210276
7426,34073.65408341296
7427,18274.038251576538
7428,19630.379710246827
7429,44525.70959045729
7430,17787.389735870933
7431,22512.016351601993
7432,28404.4345249476
7433,17243.657231305468
7434,30148.39807857473
7435,16410.95937840149
7436,46462.32227382913
7437,30870.656561117918
7438,23569.569111017372
7439,17744.671289664566
7440,31905.23883565834
7441,21794.599000590577
7442,16771.76464407195
7443,22615.026903394868
7444,27639.644836045023
7445,30455.876475212513
7446,16189.86000001828
7447,24521.896384526204
7448,29749.105257566604
7449,17573.59912847813
7450,20329.207075025337
7451,39263.9722812907
7452,22598.939512557812
7453,17078.457103849592
7454,25931.038981496207
7455,19543.074386662567
7456,26617.516790055968
7457,23311.80038360893
7458,21231.241348073017
7459,17052.159687551088
7460,16410.95937840149
7461,20220.326714636194
7462,24350.413800929993
7463,29988.000222767823
7464,20931.68267245516
7465,19254.67266913315
7466,30516.861693818682
7467,26785.041091882067
7468,19483.091498824273
7469,18221.905296151777
7470,29190.010992522464
7471,18834.712461212028
7472,22359.743104944984
7473,16918.092699517223
7474,24873.487573068654
7475,18398.109686553784
7476,21148.845485071135
